fixed acidity,volatile acidity,citric acid,residual sugar,chlorides,free sulfur dioxide,total sulfur dioxide,density,pH,sulphates,alcohol,good_quality
8.081902389285975,0.7,0.0,1.9,0.076,21.70317814982537,34.0,0.9978,3.51,0.6704348185953433,10.535974432566517,0
10.811308002115341,0.88,0.0,2.6,0.098,41.82424437542238,67.0,0.9968,3.2,0.7719804242334727,11.510691202916265,0
8.122639149904627,0.76,0.04,2.3,0.092,18.50726440607487,54.0,0.997,3.26,0.7958949814251031,11.745598460701677,0
10.578598500076758,0.28,0.56,1.9,0.075,20.973438680737274,60.0,0.998,3.16,0.6786266756950874,10.329976196823914,1
8.925191671087436,0.7,0.0,1.9,0.076,14.586744597268405,34.0,0.9978,3.51,0.8913237060001749,10.376422657972112,0
8.290781921027294,0.66,0.0,1.8,0.075,13.635284347094238,40.0,0.9978,3.51,0.39640286791191576,10.295618019253542,0
10.005215971064215,0.6,0.06,1.6,0.069,1.5059873645705864,59.0,0.9964,3.3,0.5215862812083981,11.52264155973114,0
9.135076427837497,0.65,0.0,1.2,0.065,31.320938421623637,21.0,0.9946,3.39,0.48759398053776754,10.161564939323759,1
9.148418515699166,0.58,0.02,2.0,0.073,24.200240539031697,18.0,0.9968,3.36,0.7353182044784955,9.956396053627236,1
8.807851067836786,0.5,0.36,6.1,0.071,12.616139865777944,102.0,0.9978,3.35,0.9460668473890276,10.640906566525688,0
7.067916705078842,0.58,0.08,1.8,0.097,19.786182358573654,65.0,0.9959,3.28,0.895584026036533,8.817083878519037,0
9.008969277248607,0.5,0.36,6.1,0.071,19.155571934466575,102.0,0.9978,3.35,1.2001913399586637,11.563781078313559,0
8.220398405041808,0.615,0.0,1.6,0.089,18.482456320166015,59.0,0.9943,3.58,0.5507711504522181,12.117695442311266,0
7.836985424626931,0.61,0.29,1.6,0.114,-0.5364887588760077,29.0,0.9974,3.26,1.6956733952828473,9.783319303125888,0
10.285359172813664,0.62,0.18,3.8,0.176,55.10060005598177,145.0,0.9986,3.16,1.0422255587065241,9.300687153382508,0
11.739224926017942,0.62,0.19,3.9,0.17,64.36992550222686,148.0,0.9986,3.17,0.9574175846671873,10.211838327095814,0
10.596870676736255,0.28,0.56,1.8,0.092,64.78624282945141,103.0,0.9969,3.3,0.9708176964380248,11.854777381473914,1
11.316811805321544,0.56,0.28,1.7,0.368,27.66711700908223,56.0,0.9968,3.11,1.3831270471369517,10.019229164228234,0
8.001524639584517,0.59,0.08,4.4,0.086,15.390870898206451,29.0,0.9974,3.38,0.49082833660767994,11.049095748070707,0
6.742841690626433,0.32,0.51,1.8,0.341,21.05489522918789,56.0,0.9969,3.04,1.1776945605958076,9.359967877101633,1
10.572360348176499,0.22,0.48,1.8,0.077,32.3451259807754,60.0,0.9968,3.39,0.5303153409207914,10.007882674593311,1
9.497893623384693,0.39,0.31,2.3,0.082,39.2964209739248,71.0,0.9982,3.52,0.9261806820373055,10.804873837325976,0
11.19892059576414,0.43,0.21,1.6,0.106,20.803534645251162,37.0,0.9966,3.17,1.303467636348838,10.68754905108265,0
11.54781798578012,0.49,0.11,2.3,0.084,12.049681858276397,67.0,0.9968,3.17,0.6988044577632921,10.292797623009633,0
9.04049493114657,0.4,0.14,2.4,0.085,20.81964852851948,40.0,0.9968,3.43,0.7806953347530959,9.462637531682814,1
8.758971521560644,0.39,0.16,1.4,0.08,18.014536189903545,23.0,0.9955,3.34,0.7162765892059806,12.14576843303967,0
8.725693346804984,0.41,0.24,1.8,0.08,7.902485371892892,11.0,0.9962,3.28,0.8859231192032723,10.151361674473186,0
7.594800285587305,0.43,0.21,1.6,0.106,18.321867729786966,37.0,0.9966,3.17,1.203002849522495,10.446540881387055,0
8.656848237020085,0.71,0.0,1.9,0.08,20.448055364746704,35.0,0.9972,3.47,0.6699223140053453,10.778343907669282,0
10.561481086351996,0.645,0.0,2.0,0.082,19.626246174794886,16.0,0.9964,3.38,0.75985818820402,10.109891560959818,1
9.00710704955942,0.675,0.07,2.4,0.089,14.781449962137836,82.0,0.9958,3.35,0.764108080648827,11.001065778495985,0
9.454268165092733,0.685,0.0,2.5,0.105,39.50605397184714,37.0,0.9966,3.46,0.5513288120901124,10.875206319069397,1
9.09706597308193,0.655,0.12,2.3,0.083,46.6173979965742,113.0,0.9966,3.17,0.9600420314730709,11.006805228519305,0
7.923002956930693,0.605,0.12,10.7,0.073,58.35665268096253,83.0,0.9993,3.45,0.8908584748549084,10.017215354740854,1
7.266229324458492,0.32,0.25,1.8,0.103,23.1977184602784,50.0,0.9957,3.38,0.8435904422455638,10.281625764030203,0
8.431659444575153,0.645,0.0,5.5,0.086,20.74681267765976,18.0,0.9986,3.4,0.5166960942691972,9.560325326804076,1
8.474546581177393,0.6,0.14,2.4,0.086,2.923972710005147,15.0,0.9975,3.42,0.4684625220807324,10.94585456805315,1
9.907929674201545,0.38,0.28,2.1,0.066,8.118920773457955,30.0,0.9968,3.23,0.9617117930537951,9.388705134287912,1
8.15272381190727,1.13,0.09,1.5,0.172,21.842547821997805,19.0,0.994,3.5,0.5125196497442213,10.046782968305598,0
8.414958143706366,0.45,0.36,5.9,0.074,15.864888573456744,87.0,0.9978,3.33,1.0045424697496597,9.158516979391962,0
7.072697144161813,0.45,0.36,5.9,0.074,9.098954146884273,87.0,0.9978,3.33,1.1737803218721703,11.090720678613769,0
9.167992664626144,0.61,0.3,2.8,0.088,17.99922728057081,46.0,0.9976,3.26,0.5565187935301821,9.697076034479336,0
9.176567228192368,0.49,0.2,2.6,0.332,6.907521920208309,14.0,0.9968,3.21,0.9844070641216364,11.481190802822386,1
9.759642210527195,0.66,0.22,2.2,0.069,18.49304334669997,23.0,0.9968,3.3,1.3731307638854018,11.1905636701416,0
8.528892121113124,0.67,0.02,1.8,0.05,18.23940222256995,11.0,0.9962,3.48,0.4796560316221369,11.42423739113112,0
6.718977303393018,0.52,0.15,2.1,0.054,23.796916165490423,65.0,0.9934,3.9,0.5928360518732029,16.16427187441415,0
9.100970448169777,0.935,0.43,2.2,0.114,37.85201082073845,114.0,0.997,3.25,0.8689763999769099,11.022324824998963,0
10.46206753751732,0.29,0.52,1.6,0.113,26.686041952680192,37.0,0.9969,3.25,0.6748622258189362,9.966244410209073,0
7.730160226146694,0.4,0.23,1.6,0.066,11.634535392420423,12.0,0.9958,3.34,0.7781090722366562,9.631901643758546,0
8.592921564612915,0.31,0.37,1.4,0.074,15.150788440911189,96.0,0.9954,3.32,1.0906878637132218,10.793098900507848,0
12.187953403984025,0.66,0.26,1.7,0.074,-0.2522905387134724,23.0,0.9971,3.15,0.8890492960531643,8.617425369413057,0
6.336730521730821,0.52,0.04,2.2,0.069,25.570109558316403,15.0,0.9956,3.4,0.6514647439458348,9.98381283338523,1
7.637342481230814,0.5,0.04,2.1,0.068,12.880840866193132,14.0,0.9955,3.39,0.9679268947662967,10.049500575559478,1
10.038458247889457,0.38,0.36,3.0,0.081,34.93398651452892,119.0,0.997,3.2,0.4801529269772925,10.75052605500415,0
8.621097676628358,0.51,0.15,2.8,0.11,51.240140092183374,73.0,0.9955,3.17,0.5772618804727537,11.575876037213387,1
11.590197792465476,0.62,0.04,3.8,0.084,25.851808745259184,45.0,0.9978,3.34,0.5849062345289968,9.717770840982213,0
11.904819222587996,0.42,0.57,3.4,0.07,19.353798474110498,10.0,0.9971,3.04,0.7272445648229413,10.09926725557149,0
7.7710931162612535,0.63,0.12,5.1,0.111,60.849788480859864,110.0,0.9983,3.26,0.8216558639011952,10.632000605411962,0
10.023647903609799,0.59,0.18,2.3,0.076,16.68343484279963,54.0,0.9975,3.43,0.7213323365258397,10.171426990693208,0
9.07031127201532,0.39,0.31,2.4,0.074,16.733790318332378,46.0,0.9962,3.41,0.7128621197531861,11.280791118123897,1
10.616580392290139,0.4,0.4,2.2,0.079,35.51000660703682,52.0,0.998,3.44,0.9205624653749169,10.571876703831183,0
11.611026273475044,0.69,0.49,1.8,0.115,35.025768325303886,112.0,0.9968,3.21,0.8579712227707242,10.298751797868746,0
9.381477676870537,0.52,0.16,1.9,0.085,32.882107194400795,35.0,0.9968,3.38,0.679402534761054,10.685824243090718,1
7.969913885562908,0.735,0.05,2.0,0.081,24.198068759925302,54.0,0.9966,3.39,0.8431971635203956,10.254493909683884,0
5.869417385085841,0.725,0.05,4.65,0.086,40.5879241051568,11.0,0.9962,3.41,0.41471879930800454,11.21859929314636,0
8.362496557292873,0.725,0.05,4.65,0.086,4.666179740188344,11.0,0.9962,3.41,0.3042155354385051,11.390443907854383,0
10.711932586217277,0.52,0.11,1.5,0.079,16.032269468846792,39.0,0.9968,3.42,0.8791399533629003,10.87877270223375,0
7.865889679793179,0.705,0.07,1.6,0.076,13.858807248799721,15.0,0.9962,3.44,0.8704472594025473,11.723906184203429,0
7.572762949914457,0.32,0.57,2.0,0.074,23.495843577563296,65.0,0.9969,3.28,0.8181654977547933,11.192155588619789,0
8.698719513590493,0.705,0.05,1.9,0.074,25.091826341512707,19.0,0.9962,3.34,1.0314855506568401,11.991578036508015,1
10.475570142621056,0.63,0.08,1.9,0.076,30.92899891926334,27.0,0.9967,3.32,0.551265088702608,10.204238814868337,1
9.853133272902785,0.67,0.23,2.1,0.088,25.52712273215853,96.0,0.9962,3.32,0.659897651336447,9.761463036901258,0
7.923026225237653,0.69,0.22,1.9,0.084,21.89606158170865,94.0,0.9961,3.31,0.850481138776883,10.569368866419973,0
8.905504860196494,0.675,0.26,2.1,0.084,6.857327042216111,43.0,0.9976,3.31,0.7609202802230666,9.18889189748499,0
10.520810387153052,0.32,0.54,2.5,0.094,29.763512769519842,83.0,0.9984,3.28,1.0960556283531249,9.014118342574339,0
9.269798247971705,0.41,0.64,2.2,0.093,23.591594990620372,42.0,0.9986,3.54,0.9067653225435945,11.348182240918723,0
7.365790896005048,0.41,0.64,2.2,0.093,15.592732156614492,42.0,0.9986,3.54,0.7955894264621884,10.792066411224317,0
9.2564655775776,0.785,0.0,2.4,0.104,18.796033902912676,30.0,0.9966,3.52,0.8325125960706273,11.33585882193738,1
9.843807024307868,0.75,0.12,2.0,0.086,24.5643081838467,80.0,0.9958,3.38,0.7566358880094224,10.128361320540899,0
7.57786436202064,0.625,0.2,1.5,0.08,45.05997692785382,119.0,0.9972,3.16,1.4508024600397151,10.983189897425463,0
9.325411263476852,0.45,0.2,1.6,0.069,13.519711832147664,15.0,0.9958,3.41,0.633288181279958,9.488588967212717,0
9.04937840119462,0.43,0.7,1.9,0.464,33.00000898365434,67.0,0.9974,3.13,1.179907940304286,9.884239879322024,0
10.499335790993536,0.5,0.47,2.0,0.086,40.84804018214277,73.0,0.997,3.36,0.847347457627794,10.274692423866728,0
8.745737346419464,0.67,0.26,1.8,0.401,25.83717758491554,51.0,0.9969,3.16,1.3230362836645788,9.07892348113385,0
7.881674006781765,0.3,0.48,1.8,0.069,23.779960180028127,61.0,0.9959,3.44,0.8754600794441812,9.91589097011213,1
8.811632728585291,0.55,0.15,2.2,0.076,33.00092431136608,40.0,0.9961,3.41,0.6930395213886372,11.277309335246962,0
8.892411798686387,0.49,0.28,1.9,0.11,26.220611980523728,136.0,0.9972,2.93,2.4320353139951463,10.373201053155238,1
10.756911257743655,0.49,0.26,1.9,0.062,14.290113726277692,31.0,0.9966,3.39,0.6885204029840845,9.683978776988992,0
9.130931694364802,0.39,0.44,2.1,0.107,53.02688845935478,125.0,0.9978,3.14,1.2398928907005802,10.866930249611004,0
7.832847511686505,0.62,0.08,1.8,0.076,13.92502896417484,24.0,0.9978,3.48,0.6771706019329806,9.160343192589004,0
10.023113294477296,0.52,0.26,1.9,0.079,28.149278983853485,140.0,0.9964,3.23,0.8356867381991869,10.11850297871978,0
9.283630687768246,0.49,0.28,1.9,0.11,31.259463119017703,136.0,0.9972,2.93,2.3945696148950284,9.988552314418683,1
11.075882478991883,0.49,0.29,2.0,0.11,24.058394241710168,133.0,0.9972,2.93,2.2047479432181114,10.911224603488659,0
11.009289477195779,0.49,0.26,1.9,0.062,14.94859205230143,31.0,0.9966,3.39,0.6033310644426332,11.58817439758109,0
7.803229145997962,1.02,0.04,1.4,0.045,53.15835363414338,85.0,0.9938,3.75,0.882865783441239,9.765934128507675,0
3.3961064592089594,0.6,0.17,2.3,0.058,23.97850704152672,106.0,0.9932,3.85,0.732965519370402,13.84857858287585,1
8.368166410863589,0.775,0.0,3.0,0.102,18.1667606972065,23.0,0.9965,3.45,0.5820075072123574,12.282804892280678,0
9.825705459306535,0.5,0.25,2.0,0.07,-5.554859739046346,22.0,0.9963,3.25,0.6192339395158809,9.69320992805885,0
7.158807799221538,0.9,0.06,2.5,0.079,5.476507777435501,10.0,0.9967,3.39,0.8090164277993024,9.68828191189165,0
10.500777637848087,0.545,0.18,1.9,0.08,33.116628604257606,35.0,0.9972,3.3,0.757992181983943,10.211419812677764,1
10.62256786202763,0.61,0.3,2.1,0.084,19.21289011416137,50.0,0.9972,3.4,0.7923997315736958,11.906477798912192,1
7.504584856027348,0.5,0.3,1.9,0.075,2.364028747271922,22.0,0.9959,3.31,0.8700625900297989,12.011734557984255,1
10.654860592727793,0.545,0.18,1.9,0.08,12.393044501195817,35.0,0.9972,3.3,0.6168289420951774,10.164484240926775,1
9.872711553923368,0.575,0.22,2.1,0.077,12.062039781750908,65.0,0.9967,3.29,0.8308637794254604,10.136008862267548,0
9.498778924678081,0.49,0.24,2.2,0.07,14.224583835820397,36.0,0.996,3.33,0.545204951897011,9.486095236720448,0
8.146922704888667,0.575,0.22,2.1,0.077,16.747996790944843,65.0,0.9967,3.29,0.9390570666821754,10.790184860628873,0
9.401998206047923,0.41,0.68,1.7,0.467,20.852005291682865,69.0,0.9973,3.08,1.5267979374030893,10.843049840426866,0
5.21819083573843,0.63,0.31,1.7,0.088,23.401073433760104,64.0,0.9969,3.46,0.8008161007242183,9.18230058032378,0
6.2213082482262125,0.33,0.53,2.5,0.091,30.366031874283603,80.0,0.9976,3.37,0.6609475823034127,10.76326544964317,1
9.6890337384343,0.785,0.52,2.0,0.122,43.20054134893108,153.0,0.9969,3.21,0.9353002927835149,10.709088658115848,0
10.725874207199972,0.56,0.19,1.8,0.104,15.55888675694288,47.0,0.9964,3.19,1.014864648947856,11.104566105799506,0
10.145186939330861,0.62,0.09,2.2,0.084,15.840975538047278,108.0,0.9964,3.15,0.7745100068671007,10.588602860614747,0
9.70450448783588,0.6,0.1,2.2,0.085,25.21179007746729,111.0,0.9964,3.15,0.8995060407033673,9.92142849506907,0
11.23166508174147,0.31,0.44,2.3,0.08,30.30636755434301,46.0,0.9988,3.32,0.9426233403311559,10.12446291731618,1
7.879999348393267,0.56,0.19,1.8,0.104,26.78896187609399,47.0,0.9964,3.19,1.2315475386641168,9.4938192486964,0
10.483852092314564,0.4,0.31,2.2,0.09,11.746516901197298,62.0,0.9966,3.07,0.6062905423267404,11.309003109061434,1
10.280231674587645,0.54,0.28,1.9,0.077,12.880015677711253,40.0,0.9978,3.39,0.9389648734498961,10.642055854634084,1
8.586665992824965,0.56,0.12,2.0,0.082,21.83786534574745,28.0,0.997,3.37,0.5570838028884056,12.081250685874059,1
11.238352260620974,0.55,0.04,2.2,0.119,15.65832949248634,56.0,0.9962,3.21,0.42964549436044425,12.51527680701086,1
8.665846182427444,0.69,0.08,1.8,0.097,41.94974291082368,89.0,0.9959,3.34,0.5158024926133937,10.879106820619132,1
9.134390412268187,1.07,0.09,1.7,0.178,30.12706003528405,89.0,0.9962,3.3,0.7351710035458852,10.25437812075642,0
11.430675013113994,0.55,0.04,2.2,0.119,34.019282323554904,56.0,0.9962,3.21,0.6028729065257004,11.439383258841824,1
7.959171499022664,0.695,0.0,2.5,0.075,3.998812619173294,13.0,0.998,3.49,0.6436662620403714,9.817754744294946,0
10.311313143186142,0.71,0.0,2.6,0.08,20.011592161751835,34.0,0.9976,3.44,0.7114745096720179,10.195779223788675,0
8.654562502942564,0.5,0.17,1.6,0.082,25.23902060156807,102.0,0.996,3.39,0.5910087102138563,10.513009342712026,0
10.865778988684562,0.62,0.04,1.9,0.146,43.093266209380424,90.0,0.9984,3.16,0.7685683751461992,10.584314585948981,0
8.693396957745612,1.33,0.0,1.7,0.081,25.649210136593034,12.0,0.9964,3.53,0.456004214054187,11.753138194715302,0
8.224378595907899,1.33,0.0,1.8,0.082,18.678431507616114,12.0,0.9964,3.54,0.6185812865931164,11.504788964166883,0
9.52083335083362,0.59,0.16,1.8,0.065,11.444646609310219,16.0,0.9962,3.42,0.7755858318706701,10.84603025165402,1
4.867025158895671,0.38,0.15,1.8,0.072,11.309246837045967,19.0,0.9955,3.42,0.6125804188268165,9.06525355822219,0
8.98021293044262,0.745,0.56,2.0,0.118,43.79976486410487,134.0,0.9968,3.24,0.6697928780412153,11.346658522604791,0
4.755391382509247,0.5,0.09,2.3,0.049,15.134966257567717,99.0,0.9937,3.63,0.7331447460056348,15.732823154842983,0
8.078254260984727,0.5,0.09,2.3,0.049,29.856252845672866,99.0,0.9937,3.63,0.7366768717221052,14.875009527199873,0
9.455552008511845,0.5,0.01,1.5,0.06,17.71387699996426,26.0,0.9952,3.4,0.8457810688085925,9.579137728699681,1
8.089499221976004,1.04,0.05,2.2,0.084,26.560950972883887,29.0,0.9959,3.22,0.9003339440850087,11.42349250119235,1
10.389464352077333,0.745,0.11,1.9,0.09,23.021381396410128,63.0,0.9965,3.19,0.8040285316254441,11.325338238038654,0
10.945262558980884,0.715,0.15,1.8,0.089,15.11908032858041,52.0,0.9968,3.23,1.1758448149826097,10.008589684105196,0
9.849905726919292,0.415,0.36,2.0,0.081,13.95804683268091,45.0,0.9972,3.48,0.6699287490458945,10.469361192810272,0
9.491580700460107,0.56,0.19,2.1,0.081,20.38283840166048,105.0,0.9962,3.33,0.6990011787694412,9.963520186071506,0
10.215673188105416,0.56,0.19,2.0,0.081,30.021822621446322,108.0,0.9962,3.32,0.7448814574920132,11.655998117253537,0
8.888438369358457,0.745,0.11,1.9,0.09,33.10328225169629,63.0,0.9965,3.19,1.287104654670758,10.764025223201552,0
9.80865642962899,0.715,0.15,1.8,0.089,22.77350989907069,52.0,0.9968,3.23,0.8320690707447176,9.57062776574396,0
5.942259437103498,0.34,0.0,1.8,0.05,46.7812992833767,63.0,0.9916,3.68,0.6819578767163715,15.423568286363848,1
6.670800622946893,0.39,0.08,1.7,0.066,32.616158043100306,20.0,0.9954,3.34,0.9177093616205044,11.155180657498002,0
6.643108924987729,0.34,0.0,1.8,0.05,32.652744492508475,63.0,0.9916,3.68,0.812595475814748,15.021448047520636,1
9.976944141195242,0.67,0.55,1.8,0.117,38.64540703530507,141.0,0.9968,3.17,0.7065721531539729,10.661274440099415,0
8.813501720098731,0.68,0.02,1.8,0.087,17.31767790720413,94.0,0.9944,3.54,0.5040324894521546,10.793066890876462,0
9.362206104351197,0.49,0.26,1.6,0.236,28.332280781591386,88.0,0.9968,3.11,0.8869633491624092,9.185521339365025,0
9.187007367234395,0.49,0.1,2.3,0.074,31.241641290469566,30.0,0.9959,3.42,0.6016437988918665,10.923175867541435,1
10.502820196613794,0.4,0.44,2.8,0.089,12.111737649411424,43.0,0.9975,3.53,0.8373348710180688,11.798443170174416,1
12.436282005667458,0.33,0.47,2.1,0.077,18.536621731857842,11.0,0.9958,3.33,0.6765613797763562,11.043386799225763,1
8.071724452078387,0.52,1.0,3.4,0.61,50.552726839674484,69.0,0.9996,2.74,2.043250701104047,10.935213870230378,0
7.9346697563697095,0.6,0.03,1.8,0.095,35.261734231355646,99.0,0.995,3.35,0.8106513843295978,10.618185924704663,0
10.94605590706283,0.6,0.03,1.8,0.095,40.459287176802405,99.0,0.995,3.35,0.7101845668818029,10.674104259603466,0
8.002566119654002,0.43,0.42,5.5,0.07,38.83115017499611,129.0,0.9973,3.42,0.605271133183785,12.061092176267657,0
9.726691919673607,0.43,0.42,5.5,0.071,26.185331029000935,128.0,0.9973,3.42,0.9703224883836433,11.541670893564524,0
8.81325204246838,0.43,0.42,5.5,0.07,46.14919632747719,129.0,0.9973,3.42,0.8806747009641482,11.001527392050344,0
11.425165174227637,0.43,0.42,5.5,0.071,47.456776152665455,128.0,0.9973,3.42,1.034196674383674,12.233888365599473,0
6.942529082633068,0.68,0.0,2.2,0.073,26.51452272235792,22.0,0.9969,3.48,0.6524094785984252,9.565363403813702,0
9.894695009283668,0.6,0.18,1.9,0.079,18.38077262595174,86.0,0.9968,3.59,0.5982453750897195,9.532785314051917,1
11.429828709602152,0.95,0.03,2.0,0.09,9.08216182026694,20.0,0.9959,3.2,0.6679019957582086,8.040332567519805,0
7.579916276841008,0.68,0.02,1.3,0.072,7.9085616728740575,20.0,0.9965,3.17,1.3246215337614426,9.580257006612284,0
10.283319053439127,0.53,0.04,1.7,0.076,31.811392814308405,31.0,0.9964,3.33,0.5910893348336437,11.968259616318285,1
7.448057063872817,0.6,0.26,7.3,0.07,54.98216837841322,121.0,0.9982,3.37,0.5658988808674225,8.485833956875176,0
8.734888416814034,0.59,0.26,7.2,0.07,46.92027977133213,121.0,0.9981,3.37,0.5955433743878781,9.440989718317994,0
8.835481614089206,0.63,0.48,1.7,0.1,30.238645459363326,96.0,0.9961,3.19,0.5997443756126369,10.72685496645448,0
4.846136230965614,0.64,0.1,2.1,0.085,19.10759598013493,101.0,0.9956,3.34,0.5530439042304577,9.138708668274855,0
9.283783220588568,0.55,0.03,1.6,0.072,26.58871587369365,42.0,0.9956,3.37,0.6390043531444259,9.417146100268502,0
8.392530892072314,0.63,0.07,2.1,0.089,7.9048725505265125,44.0,0.9953,3.47,0.8486682804952719,12.225158820836754,1
10.953052218355644,0.705,0.24,1.8,0.36,16.909767347066275,63.0,0.9964,3.0,1.7686124856435947,12.094283158204513,0
10.144125028068094,0.885,0.03,1.8,0.058,19.72097616728493,8.0,0.9972,3.36,0.4593865408274148,10.199979150097032,0
12.583796706879324,0.42,0.17,2.0,0.073,12.363168643998492,18.0,0.9972,3.29,0.6328806251807365,9.262689371885614,1
9.54197393235885,0.42,0.17,2.0,0.073,24.488385775719795,18.0,0.9972,3.29,0.8941154505179741,9.233991608535911,1
8.645886666507723,0.62,0.05,1.9,0.068,36.86984244152593,42.0,0.9961,3.42,0.7643913500174397,12.476073045691741,1
8.436090905873446,0.38,0.21,2.0,0.08,38.25011358025725,35.0,0.9961,3.33,0.5097690815916247,10.592064867920975,0
7.68058402548782,0.5,0.04,1.5,0.085,28.152766470032656,49.0,0.9958,3.35,1.037467332428076,11.936481624658718,0
5.617751461016767,0.38,0.21,2.0,0.08,3.59914968953883,35.0,0.9961,3.33,0.6814873577077267,11.180178273197146,0
8.586173011018111,0.52,0.42,2.3,0.087,16.079177077555585,38.0,0.9972,3.58,0.6352863258113219,11.42423771153056,1
5.5126096540056295,0.805,0.0,2.5,0.068,7.3094898854227655,20.0,0.9969,3.48,0.6818581260597226,10.166758463078978,0
10.822503928045542,0.61,0.14,2.4,0.067,26.545290532858616,42.0,0.9969,3.19,0.6587828502410173,12.922678495253205,0
8.465625526920647,0.61,0.14,2.4,0.067,18.71942002701512,42.0,0.9969,3.19,1.0827280331526619,10.886727477725739,0
9.047181664709571,0.61,0.49,2.0,0.27,30.219417772348447,110.0,0.9972,3.12,1.227713158912989,9.582400448306329,0
7.660470954070077,0.73,0.02,2.5,0.076,23.329370157656083,42.0,0.9972,3.44,0.6809315611275821,9.961035371228938,0
7.907427742668554,0.61,0.2,1.8,0.077,25.563390509360318,65.0,0.9971,3.54,0.7797013332716035,9.404474008710206,0
8.102443689211212,0.62,0.21,1.9,0.079,12.581864797259174,62.0,0.997,3.52,0.9026277314233171,8.102573682561689,1
11.803423781840703,0.31,0.57,2.0,0.111,40.870575838287934,85.0,0.9971,3.26,0.6542987705188469,10.819079686087594,0
7.9884486389710005,0.39,0.48,2.0,0.082,31.117596411055644,67.0,0.9972,3.34,0.6056105890214105,11.572137005247775,0
9.761661590454162,0.705,0.1,2.6,0.084,14.50504076003033,26.0,0.9976,3.39,0.7400951036027928,9.162428504851725,0
13.096639362551052,0.5,0.33,2.0,0.084,15.618851177196841,143.0,0.9968,3.2,0.66188212368922,10.399647311011519,0
9.818480189881322,0.49,0.32,1.9,0.082,21.075567381818253,144.0,0.9968,3.2,0.5405218031040857,9.749873660213972,0
9.341476968927346,0.5,0.35,2.9,0.077,35.310408871783224,127.0,0.9976,3.23,0.5841070419316374,10.697132733758984,0
6.70761459655378,0.37,0.25,1.9,0.074,30.142000386100058,49.0,0.9974,3.57,0.9629867350563939,10.505616736361077,1
7.922197103920237,0.63,0.12,3.8,0.099,29.640671784255595,126.0,0.9969,3.28,0.7634573220064368,9.193041141675117,0
7.758481072655598,0.55,0.21,2.2,0.071,30.120607726448867,28.0,0.9964,3.28,0.6056569544517725,9.716109727568865,0
9.367089391159796,0.55,0.21,2.2,0.071,17.30077533166221,28.0,0.9964,3.28,0.6538284612854821,9.844674577376942,0
9.337101309341158,0.59,0.33,2.0,0.074,25.598840085757303,120.0,0.9968,3.25,0.785099595940555,11.398611132629236,0
5.681171514882233,0.58,0.3,2.4,0.074,32.21677828486173,55.0,0.9968,3.46,0.6858181574437173,12.155081654556206,0
12.867028034093282,0.3,0.6,2.0,0.067,20.79791969765684,27.0,0.9981,3.11,0.9090561753111445,10.687099385499769,1
8.291816560665534,0.835,0.08,1.2,0.046,28.66887294944192,93.0,0.9924,3.57,1.0297914226118179,14.899278318205937,1
7.73696331338909,1.09,0.06,2.1,0.061,29.290208881643732,31.0,0.9948,3.51,0.7294642947530448,12.104888942802422,0
10.083472121251575,0.32,0.47,1.4,0.056,9.343025396693758,24.0,0.99695,3.22,1.1103945187515767,10.874042935976147,1
8.273909259657811,0.37,0.48,2.1,0.097,58.93291364995841,145.0,0.9975,3.04,1.089757320945714,10.201228970294329,0
5.604922572275908,0.5,0.11,1.5,0.075,31.942299798221736,49.0,0.99545,3.36,1.097712482531781,10.595357318213804,0
9.550844372871747,0.42,0.35,1.6,0.088,19.314577951093693,39.0,0.9961,3.34,0.7144827891447842,9.578998458068176,0
8.140100053341914,0.43,0.36,1.6,0.089,24.91579404238341,37.0,0.99615,3.34,0.8639120936618244,10.071175355555217,1
15.268208173797639,0.3,0.74,2.6,0.095,19.52047015941805,28.0,0.9994,3.2,0.9834007482206909,12.323753322059007,1
16.32582276134122,0.3,0.74,2.6,0.095,17.568390004555795,28.0,0.9994,3.2,0.6992685557132786,11.76297102073079,1
10.476061816327007,0.57,0.31,1.8,0.069,41.664411325568224,120.0,0.99625,3.29,0.9024731368156701,10.189007946958906,0
8.43741909297299,0.44,0.28,2.7,0.1,38.39610382858223,95.0,0.9966,3.22,0.8126277630387106,10.67383953263747,0
12.594659900542979,0.3,0.58,2.1,0.054,15.429266220445342,19.0,0.998,3.31,1.0938220468223767,11.920923694020473,1
10.236574036894536,0.53,0.6,2.0,0.039,24.50510765486925,19.0,0.99585,3.3,0.8133456273468289,13.199151947072613,1
8.406318306975692,0.725,0.24,2.8,0.083,26.63752911492678,62.0,0.99685,3.35,0.7641306786601474,10.448278561114465,1
13.470376428148201,0.44,0.64,2.1,0.059,15.312008998254937,15.0,0.998,3.21,0.955168742618789,11.213836326990657,1
8.433594002104353,0.57,0.26,2.2,0.06,37.84242965565026,65.0,0.9959,3.3,0.8280458275089764,9.593625686667316,0
6.115800454357217,0.735,0.08,2.4,0.092,8.723313811423106,41.0,0.9974,3.24,1.0355076152195744,10.473227399591588,1
7.15579622953912,0.49,0.49,5.6,0.06,21.80950720122685,121.0,0.9974,3.34,0.9707615481361809,9.245445048770534,0
9.66542934403625,0.625,0.16,2.0,0.101,22.749057073304503,49.0,0.9962,3.14,0.4961793912613256,10.42386448345031,0
11.611998112886289,0.725,0.22,2.2,0.072,12.20560490745213,41.0,0.9967,3.36,0.7035425126314266,8.395648418956446,0
8.209061545380528,0.49,0.19,1.9,0.076,18.03644536191811,44.0,0.9957,3.39,0.5952579782500935,11.445437104456794,0
9.905924374543707,0.53,0.33,2.4,0.08,27.894000611319363,144.0,0.99655,3.3,0.767469895536572,10.364454039889008,0
8.95844437733261,0.34,0.37,2.0,0.082,17.401762230206117,58.0,0.9964,3.34,0.5606650091804701,9.176594280882862,1
10.50110863892263,0.53,0.26,2.0,0.101,27.358094851594302,72.0,0.9957,3.15,0.6771057774724092,10.671184595914541,0
9.804570059662286,0.61,0.04,1.5,0.057,9.899271373162275,10.0,0.99525,3.42,0.6654726697272356,11.195395688125206,0
11.6311443706675,0.645,0.25,2.0,0.083,17.039238473410634,28.0,0.99815,3.28,0.6612711650214768,11.286035323897035,1
7.377651183492062,0.635,0.36,2.0,0.089,15.89438297178291,55.0,0.99745,3.31,0.6326177515173189,11.091652252437271,0
9.38081823652353,0.43,0.25,2.6,0.073,34.566332804688955,63.0,0.99615,3.37,0.6971829255616541,11.550736827448192,1
11.349985216388005,0.59,0.5,2.0,0.337,48.425582542906795,81.0,0.9964,3.04,1.7844151910166877,11.121090569892337,1
10.92431336374057,0.82,0.14,2.6,0.089,18.443856487343403,23.0,0.9984,3.39,0.4267959023878107,10.252486003786782,0
9.97957746971976,0.43,0.25,2.6,0.073,41.96704944484763,63.0,0.99615,3.37,0.39334801913086476,11.377996634986227,1
8.374152829478556,0.52,0.25,2.6,0.081,7.733310705104509,37.0,0.99685,3.46,0.5896771468373005,11.633268233546952,0
5.555484222397187,0.48,0.04,1.6,0.054,47.35987847252363,106.0,0.9927,3.54,0.7287869969325118,11.677042089309573,1
7.0290290476991935,0.38,0.06,1.8,0.078,35.79404339371952,49.0,0.99625,3.37,0.681250120578604,11.5339396628103,1
8.993678210249628,0.37,0.2,2.8,0.09,37.77752497869931,58.0,0.998,3.34,0.7369291492697669,12.206428412334592,1
12.023154846928742,0.52,0.25,2.6,0.081,25.303343349435625,37.0,0.99685,3.46,0.6368891168321033,11.107594384638428,0
8.916424674833472,1.0,0.09,2.3,0.065,15.49484642995633,37.0,0.99685,3.32,0.7027628367366247,10.673251759880767,1
5.863687367764567,0.63,0.0,1.9,0.097,26.06745646280804,38.0,0.99675,3.37,0.6159954042055875,9.134705685310642,1
9.613367538057368,0.63,0.0,1.9,0.097,31.138086399565385,38.0,0.99675,3.37,0.8530358519051655,9.965740201311496,1
9.784427671640428,0.645,0.0,1.9,0.097,18.10817499579214,39.0,0.99675,3.37,0.7396059157389214,11.338165900042508,1
10.385961659246053,0.63,0.0,1.9,0.097,18.648504265915015,38.0,0.99675,3.37,0.789776562268312,9.408842101428379,1
10.248892205479088,1.0,0.09,2.3,0.065,1.4006163922671586,37.0,0.99685,3.32,0.6949414492461666,9.840013396909118,1
11.470696001255448,0.635,0.37,1.7,0.263,6.909446611344231,62.0,0.9971,3.0,1.510875402668045,8.61669139189424,0
15.956073276925267,0.38,0.56,2.1,0.093,28.270107076950055,24.0,0.99925,3.14,0.9264803563301099,11.186277235825344,1
8.05452413266924,0.58,0.1,1.8,0.102,33.571103943739665,109.0,0.99565,3.08,0.5594309651997293,9.027371972894628,1
15.078209064041786,0.21,0.44,2.2,0.075,15.70834274827247,24.0,1.00005,3.07,1.0869332772023204,10.418423032829116,1
14.868252579391966,0.21,0.44,2.2,0.075,21.027240007146084,24.0,1.00005,3.07,0.7535372130160946,10.761533414615034,1
8.322692695690161,0.66,0.0,2.0,0.084,0.876805012600455,23.0,0.9983,3.61,1.1118240470983956,10.563582774577972,1
10.489458252485589,0.68,0.07,1.9,0.075,32.279198275607754,51.0,0.99685,3.38,0.6988855010949653,10.5962624439405,0
10.328411367144293,0.6,0.17,2.3,0.072,29.965577171722497,73.0,0.9963,3.2,0.6033727305869316,9.87483775621328,0
9.773564862150678,0.53,0.06,1.7,0.074,20.525388104518886,39.0,0.99615,3.35,0.5703433050745702,11.283874216917681,1
6.158804785591217,0.66,0.0,2.0,0.084,28.186838000508263,23.0,0.9983,3.61,0.9583356642825007,10.86290477535484,1
11.227353028361398,0.32,0.44,1.6,0.063,13.2650307387987,37.0,0.9985,3.22,0.8085657213830986,9.159688412084186,1
5.936031657766882,0.6,0.0,1.8,0.074,39.7965708976096,34.0,0.9972,3.47,0.8494475122680939,11.553899733797845,1
14.124278439630402,0.35,0.48,3.1,0.09,7.253189750150821,21.0,0.9986,3.17,0.5146061582285947,11.020435563134312,0
11.301487670994511,0.775,0.42,1.9,0.092,5.657596520896313,86.0,0.9959,3.23,0.9656501963893647,9.26949229018893,0
9.578717661328625,0.6,0.0,1.8,0.074,22.381599833773592,34.0,0.9972,3.47,0.47748511244642206,10.378327901559112,1
8.01840541368863,0.57,0.23,3.2,0.073,41.0333041887404,119.0,0.99675,3.26,0.6617456028620464,8.53095489518047,0
12.857152180115659,0.34,0.37,2.2,0.075,13.205431299337036,13.0,0.998,3.22,0.7705750351146383,8.986960849569902,0
7.640124101388032,0.695,0.0,2.1,0.075,12.564081482756748,56.0,0.9968,3.49,0.8744146947583535,10.17440347774807,0
7.4012845887145815,0.41,0.76,1.8,0.611,5.531884335901253,45.0,0.9968,3.06,1.2714010764319685,10.445813501125194,0
10.049580496989275,0.31,0.47,2.6,0.085,21.48848072778444,33.0,0.99965,3.36,1.0894222912535096,11.613783610665788,1
8.69372174694444,0.33,0.23,1.7,0.077,9.674036626062733,45.0,0.99625,3.29,0.596594311435561,10.155270587091978,0
8.46193383808147,0.975,0.04,2.0,0.087,9.487948604575514,67.0,0.99565,3.35,0.6588353859805033,9.661842944936463,0
9.168144404215633,0.52,0.03,1.7,0.07,31.28070945863316,35.0,0.99575,3.34,0.7897824182187759,10.806105793911172,0
7.325203629211876,0.37,0.23,1.8,0.077,42.44136328406375,49.0,0.9963,3.28,0.9466609611298407,9.779799823274216,0
15.582877640707785,0.56,0.49,2.4,0.064,12.293556608139337,27.0,0.9999,3.08,0.815215168399961,10.366499870091697,0
12.983101525046377,0.26,0.52,1.8,0.071,10.471384293741306,10.0,0.9968,3.2,1.2142873414704818,10.394023972955571,1
8.498705685540337,0.87,0.0,3.3,0.096,34.857735417656464,61.0,1.00025,3.6,0.7339007164080239,11.410898267696675,0
10.839391738067496,0.35,0.46,3.6,0.078,43.01645872482496,37.0,0.9973,3.35,0.8176663129226466,15.006608936104117,1
6.644537728709846,0.54,0.04,3.0,0.077,18.757011488382382,27.0,0.9987,3.69,1.113776529991651,10.80776822658473,1
10.62403329349741,0.18,0.51,4.0,0.104,19.980928865054107,23.0,0.9996,3.28,1.0583750466100073,12.268588993525935,1
11.065295621011579,0.545,0.06,4.0,0.087,33.673935575913916,61.0,0.9965,3.36,0.738338120298247,11.62533076442178,1
15.527347791305,0.18,0.51,4.0,0.104,12.877716031347244,23.0,0.9996,3.28,1.1863782437596404,12.437969032560865,1
11.649234113145823,0.37,0.58,4.0,0.071,30.783664290566065,65.0,0.99935,3.22,0.7084957601317603,12.704055447988623,0
9.728846485279082,0.715,0.2,2.4,0.076,19.42330292954416,38.0,0.99735,3.31,0.5447866548751792,8.774692266935164,0
7.295714084438725,0.65,0.18,7.0,0.088,19.490636721659556,94.0,0.99915,3.38,0.8245916395424976,10.44136465508402,0
9.30052750170688,0.545,0.06,4.0,0.087,46.08385147455657,61.0,0.9965,3.36,0.9517750781918151,11.626218745960742,1
7.630278107945076,0.54,0.04,3.0,0.077,10.220609714324201,27.0,0.9987,3.69,0.9704725922222375,9.890971115393308,1
12.750624693765307,0.18,0.51,4.0,0.104,30.035896731395358,23.0,0.9996,3.28,1.3224601592607117,11.371908819089874,1
12.262923671948906,0.32,0.45,6.4,0.073,19.115760182257713,13.0,0.9976,3.23,1.1184698913595954,13.487594587440233,1
8.763295415647688,0.4,0.32,5.6,0.087,18.96203166234244,47.0,0.9991,3.38,0.9439746661700158,10.725538807424742,1
12.288918342026417,0.26,0.44,3.6,0.071,18.044470253111392,19.0,0.9986,3.12,1.001674035909936,10.129852307118272,1
6.580431300770056,0.27,0.68,3.5,0.358,12.460201619633963,10.0,0.9972,3.25,1.2538467142345597,11.77949197947951,1
8.498423411820719,0.52,0.12,3.0,0.067,16.29759510531464,53.0,0.9971,3.36,0.7272641994928043,10.108154011317904,0
10.16273488101314,0.4,0.32,5.6,0.087,20.105333895614343,47.0,0.9991,3.38,0.8559411645205032,11.8870343458794,1
11.611821420253992,0.59,0.07,3.4,0.102,47.77383693869399,71.0,1.00015,3.31,0.8116787165223757,10.416336859543723,0
11.62657772037108,0.59,0.07,3.4,0.102,36.480882305469684,71.0,1.00015,3.31,0.7005130121314722,11.037934033908723,0
14.651930313045995,0.45,0.55,2.0,0.073,28.161166841952532,49.0,0.9997,3.1,0.5959114412901039,10.121637485770123,1
6.748310888221147,0.4,0.12,3.0,0.092,34.39335198787222,53.0,0.9967,3.37,0.9853237230589781,10.726505316504907,1
8.022675882850777,0.52,0.09,2.5,0.091,36.33467395875713,49.0,0.9976,3.34,1.0169307057797186,11.365005579220243,1
13.729650426900108,0.42,0.53,3.3,0.105,53.523248451841674,98.0,1.001,3.2,1.0864478781765752,8.964414214150674,0
7.2528546767428965,0.52,0.09,2.5,0.091,31.397503451186275,49.0,0.9976,3.34,1.049637509540862,10.744746030892951,1
12.64819171402858,0.2,0.48,2.0,0.343,19.23263524847393,18.0,0.9979,3.3,0.733270263302323,11.619472514489196,0
10.148874101356494,0.55,0.23,2.7,0.091,21.09870972703432,48.0,0.9994,3.22,0.6398559579340197,11.263220196899741,1
10.483614478820748,0.36,0.25,2.4,0.098,20.704918585857303,16.0,0.9964,3.41,0.6971363552070245,11.639988059222178,1
15.041726466470998,0.34,0.52,3.2,0.094,29.985130164262365,53.0,1.0014,3.05,1.1311273768125671,9.840577965780236,1
11.887619663287811,0.5,0.46,2.5,0.073,7.425685648990246,27.0,1.0001,3.05,0.6171177743417612,10.401641925394742,0
13.702941293602578,0.83,0.37,2.6,0.086,19.40866503882441,70.0,0.9981,3.16,0.2993608526173946,10.179744210215004,0
7.011688799837927,0.63,0.06,2.0,0.083,6.154241669091602,29.0,0.99855,3.67,0.794900684288742,11.054532708200112,0
7.376324816000124,0.65,0.02,2.3,0.094,7.768153110727462,31.0,0.9993,3.67,1.0905620727752061,11.567685692724957,0
6.535825561413121,0.67,0.06,2.1,0.08,26.091362962016536,33.0,0.99845,3.68,0.6106629400119277,10.864584945402159,0
7.687983764876347,0.53,0.06,2.6,0.086,41.362651181754096,44.0,0.9965,3.38,0.5655525366770919,12.457238336093884,1
12.578003584461907,0.18,0.48,1.5,0.068,11.690184801049202,15.0,0.9973,3.22,0.8113439932530668,10.980241305713179,1
10.380891283030596,0.705,0.12,2.6,0.092,16.954638679541333,28.0,0.9994,3.51,1.2040993272007259,11.539330252750299,0
10.132019259751399,0.67,0.12,1.6,0.186,15.557420161762433,21.0,0.996,3.39,0.49142449761135276,10.416830260196484,0
7.2512607987758,0.65,0.6,2.1,0.112,20.469769089080707,90.0,0.9973,3.2,0.4661735208471375,9.17874797404913,0
11.453493044139224,0.53,0.48,2.5,0.063,22.158298893379698,25.0,0.9998,3.12,0.7715349736673098,10.362872454025496,1
7.449340106393349,0.62,0.32,2.2,0.082,10.990021908922444,54.0,0.9966,3.36,0.81896616424228,9.404009728763965,0
11.406937375182896,0.41,0.42,2.4,0.213,22.310673287034533,14.0,0.9994,3.19,0.6709743135181615,12.346721180236054,1
14.944079946715716,0.43,0.44,2.4,0.214,11.366262426416867,12.0,0.9994,3.19,0.5457354827686287,10.067712529249148,1
9.199404605878547,0.29,0.38,1.7,0.062,24.514293196661924,30.0,0.9968,3.41,0.7244243999376944,10.902450810771006,1
12.945721174142992,0.53,0.48,2.5,0.063,12.100024951281423,25.0,0.9998,3.12,0.8089815102191198,10.141951372970091,1
12.023878938457921,0.53,0.24,2.0,0.072,18.237672279385897,105.0,0.996,3.27,0.9168011502576587,9.200836597856453,1
11.963148483624138,0.46,0.31,2.8,0.093,43.370639726937505,98.0,0.99815,3.32,0.8546912802805146,8.733978508253516,1
9.368987253366884,0.47,0.3,3.0,0.076,47.28207956939436,135.0,0.9976,3.3,0.7778959672776202,10.891093977696958,0
7.015799815721281,0.36,0.29,2.6,0.087,19.37206714033359,72.0,0.99645,3.39,0.7800572384310772,13.17339998458937,0
8.450889793161833,0.35,0.29,2.5,0.096,24.629468725227326,53.0,0.9962,3.42,1.116687205029916,11.226088873641626,1
10.202132693955797,0.56,0.23,3.4,0.102,55.4510718945083,92.0,0.9996,3.3,0.7316153039418599,9.540147256530926,0
8.869406335270202,0.77,0.12,2.9,0.082,28.3543204978161,74.0,0.99865,3.3,0.6926255272361826,10.9753217592646,1
11.528455955082652,0.66,0.39,3.2,0.083,35.81725861588177,59.0,0.9989,3.37,1.0909859103611543,11.553609861071887,1
11.363223978175522,0.77,0.12,2.9,0.082,43.95013481581871,74.0,0.99865,3.3,0.5756907769963252,10.698117795081052,1
13.657039113035458,0.66,0.39,3.2,0.083,23.51757921445035,59.0,0.9989,3.37,0.5950866914074708,12.87289843716551,1
10.188985576753074,0.61,0.26,3.4,0.09,33.2943434256548,87.0,0.99975,3.24,0.7718181702143053,10.50951259851917,0
9.583051709672976,0.62,0.05,2.3,0.079,-3.121405400441059,18.0,0.99735,3.29,0.7653701014197272,9.445350613959569,0
10.765937690274304,0.59,0.42,2.8,0.09,58.183318829916715,73.0,0.999,3.28,0.8047027009220564,10.854251033326122,1
12.609094719207796,0.49,0.2,11.0,0.071,18.781600644334056,50.0,1.0015,3.16,0.9603880085156261,10.62106545698017,1
11.219299785606298,0.49,0.2,11.0,0.071,28.094534129269697,50.0,1.0015,3.16,0.7024477542282476,9.765181076600525,1
11.359601108229404,0.53,0.66,3.65,0.121,19.504827004960994,14.0,0.9978,3.05,0.8843070041949821,12.47011259775276,1
11.674112463222414,0.44,0.5,4.5,0.107,24.731042527699636,13.0,0.998,3.28,0.9167732057807934,12.79627965194644,0
15.336827437778142,0.27,0.62,2.6,0.082,10.742188254444489,21.0,1.0002,3.16,0.6847513787857493,10.91580150004806,1
12.448441498455548,0.46,0.39,2.0,0.061,17.073739755009434,15.0,0.9981,3.18,0.7472197229922686,10.387158958154314,0
13.049682590895522,0.36,0.64,2.9,0.122,23.04682159393827,41.0,0.998,3.23,0.9112223352142932,14.573862532995754,1
9.575912560261042,0.36,0.64,2.9,0.122,25.6696631830881,41.0,0.998,3.23,1.0831664613594887,13.849289307873729,1
8.219040238018627,0.58,0.28,3.2,0.066,39.02790763867834,114.0,0.9973,3.22,0.7541780330387903,9.868314851317516,1
10.684022148721319,0.56,0.08,2.1,0.105,20.373335306777964,44.0,0.9958,3.13,0.31512233780273635,11.473438537400295,0
8.28266653675795,0.65,0.01,2.5,0.078,19.80978691935206,38.0,0.9963,3.34,0.8704335751244698,12.076746440508165,1
13.627823939961669,0.695,0.53,3.4,0.128,26.749708285750373,21.0,0.9992,3.17,0.9823591202009655,13.591438706491791,1
6.92246942164167,0.43,0.45,1.9,0.052,-2.678381655536608,16.0,0.9948,3.35,0.9625607528552445,12.821620556383039,1
12.97585671633055,0.43,0.32,2.8,0.08,50.506352857563535,58.0,0.9974,3.31,0.8006668926098242,10.790293117541983,0
13.417192300721927,0.49,0.58,3.0,0.103,33.83823835353023,99.0,1.0008,3.16,1.3055314376958609,13.254534193384943,1
15.55591133311904,0.28,0.54,2.3,0.082,20.329943249875864,29.0,0.9997,3.11,1.5487183061098029,10.815906841174737,1
13.123619803535242,0.34,0.5,2.4,0.066,12.658197003923721,21.0,1.0,3.12,1.526987305713273,11.074323958685468,1
12.570501119707211,0.42,0.48,2.7,0.065,12.964819700695143,18.0,0.9972,3.21,0.9461091871001919,12.83290729380178,1
14.370937697057458,0.39,0.47,1.8,0.118,25.00516987511645,14.0,0.9982,3.3,0.9051793638041091,9.64938124730748,1
13.916701508658017,0.39,0.47,1.8,0.118,20.818804810686352,14.0,0.9982,3.3,0.9977027915662259,10.565462154116279,1
13.008096404619902,0.57,0.5,2.6,0.082,18.490987941812467,32.0,1.0006,3.12,0.8380128727962378,12.396499345138256,1
8.204484408139114,0.685,0.0,1.9,0.067,49.1118260514613,63.0,0.9979,3.6,0.838475436537462,9.710587335924922,0
9.39072188884711,0.815,0.02,2.7,0.072,13.27107979250354,34.0,0.9955,3.58,0.940261924858821,13.51035183748337,1
18.442799647776706,0.49,0.67,3.0,0.093,7.304281880322776,15.0,0.9986,3.02,0.9640077626205011,12.819083635040508,1
11.26070317965089,0.56,0.31,2.8,0.089,20.496174529931917,46.0,0.9979,3.11,1.1264678979571943,9.356516885101438,1
13.218826093613064,0.785,0.0,2.6,0.093,23.198019619617078,28.0,0.9994,3.36,0.7467953698872604,10.354547698831702,1
11.756616461601684,0.67,0.22,2.7,0.107,25.950987819234157,34.0,1.0004,3.28,0.9046073600769741,10.038564052981839,1
11.81884080163049,0.795,0.0,2.6,0.096,27.598213115842483,26.0,0.9994,3.35,1.218204409001329,9.257071144607666,1
10.626651649169233,0.665,0.0,2.4,0.09,20.331499032512788,19.0,0.9974,3.27,0.7672784196056674,10.1603268029982,0
14.321852475433484,0.53,0.79,4.8,0.12,31.82293803715765,77.0,1.0018,3.18,0.9327287143083187,12.206416159336566,0
6.452289139921357,0.21,0.4,1.4,0.066,67.91198189454443,165.0,0.9912,3.25,0.5236690144996776,12.177678621028234,1
9.688263373704608,0.75,0.01,2.4,0.078,28.76748148860595,32.0,0.9955,3.55,0.7583693599433606,15.82749702270658,1
12.15248359345486,0.41,0.52,3.0,0.08,33.75357899128076,55.0,1.0001,3.26,0.9181042648370282,12.406870805993918,0
10.647157582440581,0.42,0.66,2.95,0.116,35.932563053064094,29.0,0.997,3.24,0.6736419199423339,11.80108930680957,1
12.340205558237468,0.43,0.66,3.1,0.109,28.413320155668977,23.0,1.0,3.15,1.1668994599311941,12.449633362997327,1
13.246833525324101,0.38,0.66,2.6,0.088,33.56537626137193,41.0,1.001,3.17,0.9759680993207845,9.8067831354774,1
10.786039364029335,0.7,0.23,2.0,0.099,21.439833208128178,81.0,0.9973,3.19,0.8210476746173189,9.780490085539915,0
10.710268176198008,0.45,0.31,2.6,0.086,37.538002947087904,50.0,0.9982,3.37,1.1811323849313697,9.773099102340865,1
14.28970100249071,0.58,0.66,2.5,0.072,2.2104988595277444,37.0,0.9992,3.05,0.9537026994901466,11.07085088552415,0
14.479807324611128,0.46,0.63,2.0,0.071,20.92878967464726,15.0,0.9988,2.99,1.107862490721065,12.219337441337883,0
13.365730718466976,0.615,0.66,5.8,0.083,14.048271686857671,42.0,1.0022,3.07,0.9306528347240116,10.000847220595885,1
12.363855627124712,0.42,0.5,3.4,0.107,4.028830441522167,21.0,0.9979,3.26,1.092584273385092,10.89593618610988,1
15.839889857588956,0.615,0.66,5.8,0.083,24.009055426341362,42.0,1.0022,3.07,0.9536810529273082,11.78262031980688,1
12.607018172517456,0.575,0.61,2.6,0.076,4.220719339505388,24.0,1.0,3.16,0.7762560819083335,11.177201923611818,0
12.319192449262669,0.34,0.52,2.8,0.159,7.362357251311959,75.0,0.9998,3.18,0.7380922151698146,8.551660004489788,0
9.724464432747387,0.27,0.53,2.4,0.074,17.401374101419165,18.0,0.9962,3.2,1.3267489717804914,13.244746063532018,1
8.587912203557378,0.765,0.02,2.3,0.063,48.14923328971033,63.0,0.9975,3.57,0.8513468613724069,10.94563759416927,0
8.150381727558717,0.24,0.4,1.6,0.056,27.489590776069818,25.0,0.9967,3.32,0.9560011055358663,8.881184542338497,1
10.459409202312848,0.28,0.48,1.8,0.067,40.57696527080117,46.0,0.9967,3.32,1.1756308964388644,10.263798360250224,1
6.508187289459848,0.55,0.22,2.2,0.106,32.72499038610169,72.0,0.9959,3.05,0.9216343921477725,10.898035019420595,0
13.118923914839785,0.41,0.63,3.8,0.089,20.227846543187024,47.0,1.0014,3.01,0.792010054266414,11.805197793668409,1
12.626771110859297,0.54,0.71,4.4,0.124,13.26102721532242,15.0,0.9984,3.01,1.0685544276427366,12.869441287593062,1
12.12896801983565,0.45,0.5,3.0,0.078,26.752138515122837,47.0,1.0003,3.26,1.352977598379768,11.322454511317455,1
10.941618486007016,0.27,0.53,2.4,0.074,12.00646322623773,18.0,0.9962,3.2,1.3721660798493178,12.168879151264033,1
12.60516099298485,0.625,0.66,6.2,0.088,16.84071860506161,24.0,0.9988,3.11,1.016206269908436,12.059585491694923,1
9.73492910926454,0.42,0.38,2.5,0.094,23.185397547544227,60.0,0.9979,3.31,0.6060685052297146,11.458132402202494,1
10.540592396160104,0.26,0.42,2.0,0.08,22.221005344983215,27.0,0.9974,3.21,1.0115040929149823,11.479182568270895,1
14.447600356099006,0.415,0.68,2.9,0.085,24.64500649923146,43.0,1.0014,3.06,0.9610368899936972,10.093561845444153,1
9.387218804509533,0.26,0.42,2.0,0.08,21.674675190168237,27.0,0.9974,3.21,1.07180466345575,8.954623676831375,1
11.719542729502638,0.26,0.42,2.0,0.08,21.700514933363685,27.0,0.9974,3.21,0.8406088782260615,10.623952949504178,1
9.097172863989911,0.51,0.28,2.1,0.087,10.847267446831431,54.0,0.998,3.42,0.9786818797442116,10.581173387474909,0
8.543258896470011,0.63,0.07,2.4,0.09,11.825985720526461,37.0,0.9979,3.43,1.0385897535805204,10.053029274830648,1
9.307807100094463,0.54,0.26,2.0,0.088,30.45910727361565,48.0,0.9981,3.41,0.8626810533195669,9.7552004784933,1
9.468116321923056,0.66,0.15,1.9,0.079,24.90382047724217,42.0,0.9972,3.31,0.7321435523124271,10.67752046289272,1
8.204530089137128,0.46,0.26,1.9,0.088,33.538727886589605,53.0,0.9981,3.43,0.9274023680878026,9.919922844604425,1
9.602744194586,0.38,0.31,2.5,0.096,26.89821403698585,49.0,0.9982,3.19,0.724209728719187,11.705178394091986,1
5.929511058119383,0.85,0.05,1.4,0.045,33.056156424443586,88.0,0.9924,3.56,1.0276252484111548,15.830366387286459,1
16.308746160189866,0.415,0.68,2.9,0.085,27.982817382914064,43.0,1.0014,3.06,1.1556254181969643,9.395413911204708,1
10.015496478694544,0.37,0.52,2.0,0.082,11.748703877275071,26.0,0.998,3.18,0.648616561175559,11.400942206474836,0
9.577086131426524,0.665,0.61,2.0,0.112,7.986459546368357,95.0,0.997,3.16,0.47749600466512065,10.042271546322329,0
15.06891654732085,0.6,0.65,2.3,0.063,2.915591627129496,25.0,0.9997,3.03,0.6124138288325494,11.936022655579514,0
13.005112380503554,0.37,0.76,4.2,0.066,19.84918828655831,38.0,1.0004,3.22,0.4943050146572612,14.470070961814514,1
8.875071497157196,0.735,0.02,7.9,0.122,85.24207768283188,124.0,0.9994,3.47,0.8405721971657868,10.804672030897146,0
10.746741779963635,0.59,0.59,2.6,0.087,34.26651163702881,49.0,0.9988,3.18,0.889222528367593,12.500479514453659,1
12.708297612229433,0.59,0.59,2.6,0.087,14.440212328105837,49.0,0.9988,3.18,0.7176171109523238,11.516502843438158,1
10.202769617144003,0.765,0.22,2.3,0.064,14.825349822127693,42.0,0.9963,3.1,0.49330874027149485,9.592415726185532,0
8.025106450976073,0.735,0.02,7.9,0.122,78.39600429224934,124.0,0.9994,3.47,0.552606134488607,11.443822493965065,0
6.7905645273247925,0.26,0.3,1.7,0.059,45.50101685172088,38.0,0.9949,3.29,0.519051663194277,10.932715300432738,1
15.268665053696989,0.48,0.54,2.6,0.085,28.329300765687908,64.0,1.0,3.1,0.7604418649953647,11.900178582581686,1
11.602422720347686,0.6,0.49,2.7,0.085,31.349287945401397,41.0,0.9994,3.15,0.7758789736251183,11.37874742749112,1
9.559542578686612,0.69,0.05,2.7,0.075,24.79048017186752,27.0,0.9974,3.26,0.9275112496490409,7.966605704352797,0
10.103970321057192,0.31,0.46,1.4,0.059,29.018626115623086,25.0,0.9966,3.36,0.8016641568522707,10.462853459845578,1
12.590921019603336,0.44,0.47,2.5,0.063,25.958674645430115,28.0,0.9981,3.24,0.5810868893952695,11.937995033159545,1
16.43978005191727,0.39,0.66,3.0,0.093,21.757971925334036,30.0,0.9996,3.18,0.6087128422543752,11.306404668889277,1
9.995557972037938,0.34,0.58,3.7,0.174,5.8294304272667326,16.0,0.997,3.19,0.8324832848459053,9.981358184554143,1
12.989019798929757,0.46,0.49,4.5,0.07,32.11630952749615,49.0,0.9981,3.05,0.6067927690948551,11.578518541434029,0
10.656259650349162,0.43,0.34,2.5,0.08,46.828642579023196,86.0,0.9987,3.38,0.7160075944205566,10.496932066529032,1
8.953255781365037,0.45,0.35,2.4,0.08,38.71387681932911,78.0,0.9987,3.38,0.6940360950061419,10.730836927476453,0
9.58236126155439,0.735,0.16,1.9,0.1,19.73928518541354,77.0,0.9966,3.27,0.9098874471613252,9.749050023367653,0
12.46759142830004,0.4,0.53,6.7,0.097,11.50364390214131,19.0,0.9986,3.27,0.8760097590784455,13.005647130073175,1
10.972120835618078,0.52,0.34,2.7,0.087,17.883962087680107,122.0,0.9982,3.26,0.6944358910835422,11.916780742763194,0
10.322406346811556,0.725,0.24,6.6,0.117,51.45453396121986,134.0,1.0014,3.32,1.3028732423535292,9.525859306323104,0
13.900712982686452,0.48,0.64,2.2,0.111,21.782816716170355,20.0,0.997,3.26,0.7189908818624117,13.973719184379318,1
6.783232837487596,0.58,0.12,1.9,0.091,41.22104115570597,124.0,0.9956,3.44,0.6729955447275822,11.692323508926236,0
13.383787626183564,0.38,0.51,2.0,0.121,17.04287552754034,20.0,0.9996,3.24,0.9405568361072436,10.511313030134412,1
7.163815490847462,0.77,0.0,1.8,0.066,24.202047717735724,52.0,0.9976,3.62,0.8348298257212801,12.638672450168656,0
12.13242109455889,0.56,0.33,2.4,0.089,39.29523755337659,67.0,0.9972,3.28,0.7117751000796692,12.986420711395175,1
5.439258213386883,0.84,0.03,2.3,0.059,51.53493427274154,48.0,0.9952,3.52,0.8623698351732747,13.729255175176085,1
9.053759682515972,0.96,0.2,2.0,0.047,31.58183728296907,60.0,0.9955,3.36,0.8767427060588894,11.52290222059018,0
12.359823329503316,0.24,0.47,2.1,0.066,17.13546936536158,24.0,0.9978,3.15,1.036802728514576,11.173638473086752,1
7.773137000375926,0.96,0.2,2.0,0.047,23.244961339332825,60.0,0.9955,3.36,0.43371402034056455,11.895600573202406,0
7.1206713268627695,0.84,0.03,2.3,0.059,47.03254622083365,48.0,0.9952,3.52,0.6995520734209413,14.500785763065,1
7.814298084776979,0.67,0.08,2.1,0.045,25.01345966905498,48.0,0.9949,3.49,0.7598361457899874,11.988538526880124,1
12.223208886264274,0.78,0.22,1.9,0.077,0.4377638648285487,32.0,0.9988,3.26,0.6121826998387979,11.429727717331998,1
9.054217205701907,0.52,0.33,1.3,0.07,17.316250396594597,30.0,0.9978,3.24,0.718126134574885,11.394103698365914,0
12.997161830115513,0.84,0.63,2.4,0.088,24.741478726951147,35.0,0.9997,3.1,0.7818001866705675,10.996495198652267,1
13.460682433612478,0.24,0.47,2.1,0.066,23.762833423439673,24.0,0.9978,3.15,1.1987455898559243,12.287562003556001,1
8.812655883510267,0.55,0.35,2.2,0.074,17.30801847263782,66.0,0.9974,3.25,0.800757371590862,10.800505259837818,0
12.20986076692245,0.37,0.69,2.3,0.078,19.339588327933683,24.0,0.9958,3.0,0.8963774414635437,13.484771603123221,1
14.707845388510155,0.39,0.63,2.3,0.091,13.737975136536623,18.0,1.0004,3.16,0.5678011872429228,10.616681168446538,0
11.112878658980508,0.41,0.55,3.2,0.076,21.152711345445578,54.0,0.9996,3.15,1.0801080381773236,11.316146704233189,1
15.123948936376912,0.39,0.63,2.3,0.091,18.44903678039084,18.0,1.0004,3.16,0.5277033253074422,10.010740205613876,0
8.468396170801594,0.67,0.3,2.0,0.06,52.622195115749506,62.0,0.9958,3.26,0.8102636439570063,11.748001658062098,1
12.270581451312793,0.45,0.73,3.2,0.066,11.935575838310987,22.0,0.9986,3.17,0.9517173949955926,11.586209795989808,1
13.10910640437681,0.41,0.55,3.2,0.076,47.56539859478886,54.0,0.9996,3.15,1.100644773398369,10.176998907233084,1
8.077723478712569,0.62,0.18,1.5,0.062,12.695680928902435,50.0,0.9951,3.08,0.6857826566024726,8.850679541744944,0
15.04596637880563,0.31,0.72,2.2,0.072,10.630222200452756,29.0,0.9987,2.88,0.9279790475641688,10.223315266616906,1
13.201577297039364,0.4,0.65,2.15,0.068,11.38764800321373,27.0,0.9988,3.06,1.0605792688319986,11.457290231644272,1
19.753130100731685,0.685,0.76,3.7,0.1,7.543926923582216,43.0,1.0032,2.95,0.7680472891290213,11.710775361807645,1
13.577992775750936,0.44,0.49,2.7,0.077,14.690130048366623,19.0,0.9963,3.23,0.9079906556015104,12.974278632006504,1
4.843002244388114,0.57,0.01,1.7,0.054,1.3674898311844732,27.0,0.9934,3.57,1.0215611766500774,11.881337978557472,1
11.620298294971247,0.735,0.1,2.1,0.079,12.765354853444606,31.0,0.9986,3.23,0.6502948155525725,9.269059859734655,1
12.755726675057918,0.38,0.6,2.6,0.081,39.849075250501755,72.0,0.9996,3.1,0.683263667467991,10.713918515541184,0
10.9596226753245,0.48,0.29,2.1,0.127,-4.734652325671618,16.0,0.9968,3.22,0.8842997767870284,12.445748773297733,0
10.088108935270292,0.53,0.22,2.0,0.1,14.514999253019884,27.0,0.9967,3.2,0.7079593698612443,11.298801273134671,1
11.822852694774555,0.39,0.69,2.8,0.095,25.720708862887278,35.0,0.9994,3.1,0.9905817722191945,11.000292364457346,1
14.767215887730735,0.39,0.69,2.8,0.095,29.67427086989498,35.0,0.9994,3.1,0.6289586511388535,12.649494419841607,1
10.076053059712267,0.37,0.53,1.8,0.413,27.448663136232792,26.0,0.9979,3.06,1.5067890179213006,9.391217166740425,1
7.796348586307795,0.56,0.03,1.7,0.084,33.49236497155839,35.0,0.9968,3.44,0.8169744066256062,11.246791842367342,1
11.18264393296128,0.33,0.63,2.8,0.084,8.176844042969893,22.0,0.9998,3.26,0.9268413357442891,11.743246362765404,1
8.587569188437387,0.23,0.4,1.6,0.063,23.205736042812948,67.0,0.9952,3.5,0.6851816907227544,11.211872630974225,0
13.261066451355195,0.62,0.67,5.2,0.086,19.217491179773475,19.0,0.9988,3.22,0.8682815161932993,13.736694016720792,1
10.118801149315365,0.59,0.39,2.3,0.095,8.788419180245981,22.0,0.9986,3.37,0.7797539309017758,11.778294397605373,0
6.6475255379396785,0.63,0.21,2.7,0.097,27.09161532989672,65.0,0.9988,3.28,0.8427123981712354,10.760320300206223,0
11.816403745590419,0.33,0.63,2.8,0.084,33.23524181948615,22.0,0.9998,3.26,0.7429396296922169,12.87787456522733,1
10.985069766409433,0.58,0.66,2.2,0.074,15.767945910068148,47.0,1.0008,3.25,0.8963729227199443,10.1602869980042,0
10.301135381802952,0.43,0.52,2.3,0.083,17.12529253880465,23.0,0.9976,3.35,0.7946155467213406,10.778957212864128,1
7.7364917292559845,0.615,0.22,2.6,0.087,-3.975894013375356,19.0,0.9982,3.26,0.8280848180264653,11.955144740278005,0
10.419870000843398,0.26,0.68,2.55,0.085,25.492765200413373,25.0,0.997,3.18,0.7156445793429038,12.972378430274524,0
11.213249899809158,0.66,0.7,2.2,0.098,25.10095435734093,129.0,0.9972,3.08,0.5397442594773058,10.291309098126352,0
12.447028278914573,0.315,0.54,2.1,0.084,13.607626012362383,15.0,0.9987,2.98,0.8454674492184459,9.73126710655145,1
10.84037543369694,0.29,0.4,2.9,0.098,26.473685783477208,26.0,1.0006,3.48,1.0710039060250502,11.501556481467336,0
12.36497373036098,0.5,0.42,2.0,0.069,21.232060275045598,51.0,0.9982,3.16,0.6677337747386125,11.420622632834847,1
9.676690018298586,0.46,0.45,2.6,0.065,16.033244713733215,18.0,0.9947,3.32,1.0331795140580535,15.37243412830502,1
15.723220287348276,0.36,0.69,2.1,0.09,27.119369975245444,21.0,1.0,3.17,0.8907398882952475,8.279575848660665,1
9.712594094361215,0.82,0.02,1.2,0.07,23.80975769591974,48.0,0.9952,3.2,0.6166589864739496,11.229877399360877,0
14.901451862868939,0.32,0.65,2.6,0.093,16.58571086836681,47.0,0.9996,3.05,0.6069373003939145,10.532180564154595,0
12.34527895624476,0.54,0.42,2.4,0.081,25.798805503703658,52.0,0.997,3.2,0.8045223293309489,12.48868133009276,1
16.12461880795209,0.37,0.55,2.6,0.083,31.80408003949306,68.0,0.9995,3.15,0.9588458922458163,12.409713051830725,1
10.259353733844815,0.35,0.55,2.1,0.062,12.968205512606072,14.0,0.9971,3.26,0.8897825196832742,12.153928653500092,0
11.310705280385985,0.28,0.51,1.7,0.08,9.487346594395863,24.0,0.9982,3.2,1.0173447854031672,11.296361148399882,1
12.768226831453367,0.68,0.24,2.2,0.087,7.892247242086363,28.0,0.9988,3.14,0.7656391961357808,12.008095545925576,0
11.8211942505343,0.27,0.41,2.0,0.091,7.897681924717368,16.0,0.998,3.28,0.6500606756158106,10.105565167205043,0
13.290464944847638,0.24,0.49,1.8,0.075,11.432677121584359,20.0,0.9977,3.18,1.0256516986179531,12.362630921052434,1
9.086439901385047,0.68,0.24,2.2,0.087,15.194240805172637,28.0,0.9988,3.14,0.36644952169667183,9.581983651569097,0
12.949050392117908,0.685,0.11,2.7,0.077,21.98784049671061,31.0,0.9984,3.19,0.9634199795138625,10.366897368363066,1
10.932329958335893,0.28,0.39,15.5,0.069,23.19926787903276,23.0,1.0026,3.12,0.7976704526905041,11.23981979919441,0
11.060717531497888,0.3,0.56,2.8,0.08,19.837819155378277,17.0,0.9964,3.15,1.1977000479558784,12.224277074946873,1
11.786420809352297,0.36,0.59,2.2,0.152,7.054600393955499,18.0,0.9986,3.04,1.0313219586841726,8.65999882271409,0
10.76925846870038,0.36,0.6,2.2,0.152,15.340544900660495,18.0,0.9986,3.04,1.1989153551953653,11.969280990118897,0
10.025388400969355,0.44,0.68,4.1,0.114,34.236812182699836,24.0,0.997,3.06,0.8247372574222651,14.731871585204708,1
9.163911026307392,0.67,0.39,1.9,0.054,22.857862549058076,17.0,0.9976,3.17,0.529424740563902,11.504277790604533,0
11.758655061358157,0.67,0.39,1.9,0.054,10.681928110460692,17.0,0.9976,3.17,0.3949521003685519,10.016650386793708,0
9.46829509292187,0.645,0.36,1.8,0.053,26.60681975667474,14.0,0.9982,3.17,0.792355485225064,11.09470196837746,1
11.413611328068928,0.32,0.55,2.8,0.081,40.120713863505514,67.0,1.0002,3.32,1.2453562178876427,11.872125502575438,1
10.38917988270163,0.39,0.4,2.6,0.073,12.774853969942205,26.0,0.9984,3.34,0.8338134350415634,10.352190240931991,1
7.017341243264895,0.775,0.27,2.8,0.078,44.04778568591914,56.0,0.9984,3.31,0.8747953013009476,11.307756998580675,1
11.677900021330942,0.41,0.5,2.5,0.055,9.408815856708326,25.0,0.9952,3.34,0.8598652610459252,12.873334226180662,1
6.936199122622826,0.4,0.51,2.6,0.052,5.353394459920068,27.0,0.995,3.32,0.9006232970946177,13.95695237787519,1
9.985106825962774,0.69,0.31,3.0,0.086,39.24491312766673,81.0,1.0002,3.48,1.1233924465733218,13.282771174330081,1
7.9137969906017105,0.39,0.23,8.3,0.051,36.599846768924465,91.0,0.9952,3.44,0.4611283203164429,12.31582048294429,1
12.842330878449356,0.35,0.53,2.6,0.07,14.433935894274647,16.0,0.9972,3.15,0.746889688203781,13.478570444043878,1
9.134820821240034,0.52,0.25,1.9,0.081,19.343693869543365,38.0,0.9984,3.43,0.7970403654827354,8.628217129898074,1
11.403574755422643,0.34,0.32,2.5,0.09,49.37238312857118,113.0,0.9966,3.32,1.1495224837056792,11.730725716779538,0
12.394179875340381,0.35,0.53,2.6,0.07,9.534604381415399,16.0,0.9972,3.15,0.9071880114435351,11.292905159896446,1
11.560429589747615,0.69,0.31,3.0,0.086,26.12973812588604,81.0,1.0002,3.48,0.6488391769463692,12.298923768786413,1
8.185182308241053,0.52,0.25,1.9,0.081,19.172252876366034,38.0,0.9984,3.43,0.7852326356314088,11.021763037196955,1
11.96107643901843,0.44,0.73,6.55,0.074,42.90831368993144,76.0,0.999,3.17,0.9884614641635369,12.0132522187953,1
13.948451930101669,0.44,0.73,6.55,0.074,39.4344325298535,76.0,0.999,3.17,0.9546416304390941,12.467810565114187,1
11.561796969354926,0.26,0.47,1.9,0.078,9.80608125575452,24.0,0.9976,3.18,1.2596551594640104,12.310522515725658,1
12.160636446627326,0.24,0.42,1.8,0.077,-6.575280387570363,22.0,0.9976,3.21,0.9945228162773561,11.731955098856075,1
12.959085317635044,0.49,0.63,2.9,0.072,24.097297492986318,26.0,0.9968,3.16,0.8601922722431765,13.501876677182208,1
10.759042586653084,0.24,0.46,1.8,0.075,17.633813937083815,21.0,0.9976,3.25,1.2205360794966607,10.829603103369465,1
9.58208926429982,0.67,0.55,2.3,0.084,13.657597803024032,13.0,1.0,3.17,0.9377598411076558,10.291506717411616,1
11.748859732493395,0.59,0.31,2.2,0.09,36.35408582972813,62.0,0.9994,3.18,0.7858676985892787,12.017243243176111,1
16.069971654994625,0.29,0.75,2.8,0.084,33.65745564002616,43.0,0.9986,3.04,0.7764979910238883,10.880362598299877,1
11.910479258180015,0.42,0.49,4.6,0.073,21.309587624723605,43.0,0.9978,3.02,0.7293408772555965,9.758054260337522,0
12.326410970890553,0.59,0.31,2.2,0.09,29.911426727644475,62.0,0.9994,3.18,0.8660089236570243,9.50472297901428,1
13.035808002096616,0.4,0.48,2.1,0.125,27.789145309040922,49.0,0.998,3.03,0.9502027192903625,11.0103241394562,1
8.72617628168396,0.51,0.64,2.4,0.107,16.104540797085498,15.0,0.9973,3.09,0.654325239175293,13.6972894515983,1
10.58874210203156,0.51,0.64,2.4,0.107,31.466888025212093,15.0,0.9973,3.09,0.628336423843129,12.496170803362578,1
9.341536228309458,0.655,0.49,6.1,0.122,55.9212434767167,151.0,1.001,3.31,1.0736024316784603,9.295293999583777,0
13.642682906136605,0.6,0.49,4.3,0.1,21.17568833040801,14.0,1.001,3.25,1.0729904701452324,11.920250709310992,1
10.757782388692501,0.61,0.49,2.1,0.2,6.993832145529562,16.0,0.9994,3.16,0.8751019171832491,8.999282676370647,0
11.182750137018646,0.21,0.49,2.8,0.088,14.643841677763671,32.0,0.9972,3.22,0.8011652321193848,12.296030397431622,1
11.021047220622616,0.365,0.49,2.5,0.088,38.9828727596557,106.0,0.9966,3.36,0.854068788855405,12.629901718645877,0
11.043060407733712,0.25,0.49,2.7,0.088,25.709170209629335,33.0,0.9982,3.42,0.9577774699547483,10.282294460533468,1
8.024766688402389,0.41,0.49,2.0,0.088,1.4314712396806755,43.0,0.998,3.48,0.9238546397377587,10.323453169932883,0
9.535533034764809,0.39,0.49,2.3,0.099,51.53034187488426,133.0,0.9979,3.38,1.3838574011128058,10.392110459561573,0
11.440978552056471,0.4,0.49,2.5,0.085,43.80148423015094,142.0,0.9978,3.22,0.6035109228719421,9.617603390634343,0
10.664786250030282,0.43,0.49,2.4,0.086,18.61267098020532,116.0,0.9976,3.23,0.9299810848119694,10.070877217061243,0
11.506323813759865,0.64,0.24,2.8,0.105,44.04368323265581,53.0,0.9998,3.24,0.809404291409687,11.039444500363743,0
7.787483751667152,0.365,0.49,2.5,0.088,37.83564454231933,106.0,0.9966,3.36,0.8867990346427421,12.632545947995254,0
7.470610192772225,0.38,0.49,2.5,0.097,43.608629824464906,85.0,0.9962,3.39,1.1095854394631308,12.03771833983826,1
8.760203469977741,0.42,0.49,2.6,0.084,63.66312463081415,55.0,0.9988,3.34,0.8842270551773163,8.52613579624501,1
11.76480413770174,0.63,0.24,2.4,0.077,0.88702832834724,33.0,0.9974,3.09,0.7457942564368638,11.104824991024257,0
9.108106415752873,0.22,0.24,2.1,0.078,8.125028764280168,28.0,0.999,3.41,1.0392729152551095,10.386814069771452,1
13.840652732115709,0.38,0.49,2.7,0.098,16.95844797696366,42.0,1.0004,3.16,0.5251652327392564,11.374894700988872,0
15.26100502774665,0.38,0.49,2.7,0.098,15.330776078115644,42.0,1.0004,3.16,0.7847157458312668,11.131363370323772,0
12.146547359682687,0.27,0.24,2.1,0.072,29.730002204932212,33.0,0.9956,3.22,0.7193014032702414,13.517347659986786,1
10.878089851597434,0.48,0.24,2.7,0.102,30.626026453267453,32.0,1.0,3.28,0.5028892826152205,10.43737018048724,1
8.684745902477204,0.22,0.24,2.1,0.078,15.82529050831614,28.0,0.999,3.41,0.9354789080393541,11.681232026446683,1
13.490985816795746,0.63,0.24,2.4,0.077,8.315133299977344,33.0,0.9974,3.09,0.6343599193501513,7.198703667920165,0
7.86318631562041,0.825,0.24,2.1,0.084,33.73487192845502,13.0,0.9972,3.37,1.0452634065045485,12.52141388827182,1
15.474819641645094,0.35,0.49,5.8,0.066,-1.4454917239863274,35.0,1.0014,3.2,0.6513497718762656,12.074590102793564,1
13.482253931414022,0.5,0.74,5.15,0.1,4.726955852898016,17.0,0.9996,3.22,0.6484978606879098,12.400331228287442,0
10.263087500206986,0.59,0.24,3.3,0.101,29.78844154152521,47.0,0.9988,3.26,0.8375255461332587,10.75520549888479,0
10.526579912895626,0.46,0.49,6.3,0.064,14.116185116975759,17.0,0.9988,3.21,0.6858205454787765,12.939495716364513,1
8.135956942199499,0.715,0.24,2.1,0.07,17.45213971863818,20.0,0.9966,3.12,0.6362405875781417,10.92112193994293,0
13.052617020628292,0.66,0.24,2.5,0.085,37.59088611011566,53.0,0.9993,3.06,0.6298932444686148,11.145690244986909,1
16.55635821837795,0.31,0.74,1.8,0.075,13.365198032215643,15.0,1.0008,2.86,1.0503642746911295,7.884425771538214,1
8.975922350205336,0.47,0.49,2.6,0.094,47.31982798058338,106.0,0.9982,3.08,0.6847390618275548,9.655167493802535,0
8.675836898310452,0.55,0.24,2.0,0.078,13.393140589793923,28.0,0.9983,3.45,0.9134470350097571,8.68312280617332,1
12.045614047157633,0.31,0.49,2.5,0.067,19.291332498178914,21.0,0.9987,3.26,1.1198216977370148,11.016728591182048,1
14.607114854663136,0.35,0.49,2.6,0.079,32.703057405516766,69.0,0.9994,3.12,0.7876618901360153,11.003056493044483,1
10.39817427197067,0.53,0.49,1.9,0.171,11.698216357708711,25.0,0.9975,3.27,0.7032984032662666,9.664357191890744,1
5.927614143076295,0.51,0.01,2.1,0.074,21.91606084820636,25.0,0.9958,3.33,0.552361608777064,10.388147531421106,1
10.054738895103801,0.43,0.24,2.8,0.092,31.02847385473104,45.0,0.998,3.19,0.7220665687673739,10.651247353173321,1
11.205753156820048,0.46,0.24,2.7,0.092,3.89041266658856,44.0,0.998,3.12,0.7507694030118809,10.573170126196493,1
7.5650225728425795,1.04,0.24,1.6,0.05,43.38716473857157,96.0,0.9934,3.74,0.6888211367701941,10.285863084604303,0
16.0325851932564,0.645,0.49,4.2,0.095,16.107030274143327,23.0,1.00315,2.92,0.8234251606661366,10.848753794192744,0
19.940004368047397,0.645,0.49,4.2,0.095,26.29790310799877,23.0,1.00315,2.92,0.914745714961193,12.500420821792904,0
9.654108986546865,0.53,0.49,4.6,0.118,16.27506824069859,17.0,1.0002,3.07,0.5747515892544093,13.238189935539916,1
16.207712015045157,0.645,0.49,4.2,0.095,29.255495717312208,23.0,1.00315,2.92,0.9189495592505487,10.384914274593143,0
12.177221453444442,0.53,0.49,4.6,0.118,12.707816479298849,17.0,1.0002,3.07,0.7613744668908118,11.857959062211608,1
14.11325815087887,0.47,0.49,4.3,0.085,-4.2955551667346406,47.0,1.0021,3.3,0.7521662835143683,14.466421058368727,1
12.376654275422247,0.6,0.49,2.8,0.075,22.16798819487589,19.0,0.9994,3.14,0.5964804383340219,11.640381516714687,0
11.016693406534863,0.44,0.49,2.4,0.078,27.30923540290391,121.0,0.9978,3.23,0.7271427754619907,9.95748437146681,0
10.909765443639564,0.54,0.49,2.9,0.094,36.14437892770128,110.0,0.9982,3.08,0.7180888426632972,11.28172222425157,0
9.059681452110597,0.29,0.49,2.7,0.092,33.50246259898185,60.0,0.9971,3.31,0.7754865220939393,10.644277090168504,1
14.855094757312294,0.47,0.49,4.3,0.085,12.366648463443571,47.0,1.0021,3.3,1.0284882380483416,13.122243574785477,1
13.502608614756928,0.6,0.49,2.8,0.075,20.25597137498714,19.0,0.9994,3.14,0.7149131506856576,12.118654937217784,0
7.840089312494015,0.7,0.24,2.5,0.226,20.835931381306736,15.0,0.9991,3.32,0.6489223503086592,11.432629908012125,1
9.094685823164976,0.7,0.24,2.5,0.226,14.168289474668775,15.0,0.9991,3.32,0.6147959778572851,10.232936330993498,1
11.411634777251809,0.5,0.49,2.6,0.25,5.963874662366047,20.0,0.999,3.31,0.8100422840504191,11.568801803184936,1
7.819560015690081,0.36,0.24,2.2,0.095,29.76928608266485,42.0,0.9946,3.57,0.5072463048204197,12.105499340686874,1
12.950512987386022,0.35,0.49,3.3,0.07,19.7504928931211,37.0,1.0003,3.32,1.1720908250981996,12.311893851808492,1
8.357160210594127,0.36,0.24,2.2,0.095,32.12905911251497,42.0,0.9946,3.57,0.40276050587083795,13.114950592331864,1
10.78341206248016,0.24,0.49,2.4,0.075,11.047633140637394,28.0,0.9978,3.14,0.8117953223720725,10.337612827811263,0
11.930040486741284,0.59,0.49,2.1,0.07,19.01775509601872,47.0,0.9991,3.3,0.5778912709427204,11.037907989429526,0
12.789731958588757,0.34,0.49,3.2,0.078,32.630665618937115,78.0,0.9992,3.19,0.7661205754663629,10.72367159205656,1
13.574635974149377,0.27,0.49,3.1,0.079,46.80591500817927,46.0,0.9993,3.2,0.8138334454101395,11.073675746276143,1
9.56107968331182,0.5,0.24,2.3,0.103,22.45108223492867,14.0,0.9978,3.34,0.8516729047536904,10.098647566702873,0
8.853641966238271,0.44,0.49,2.8,0.083,27.054771041764404,111.0,0.9982,3.3,0.737818070361649,10.011535761174834,0
11.350152192670672,0.47,0.49,2.9,0.085,21.289542810632284,110.0,0.9982,3.29,0.842785324882408,9.774302692086868,0
13.932419579297854,0.31,0.49,2.2,0.063,29.747346720985217,40.0,0.9976,3.14,0.8219642874132265,9.733316345436508,1
15.329901927934259,0.5,0.49,2.2,0.089,4.2352333442965975,14.0,1.0002,3.19,0.5977642783521102,10.77401632415032,0
14.016241749963994,0.5,0.49,2.2,0.089,6.531354936464246,14.0,1.0002,3.19,0.41347232437304415,10.149785096222148,0
11.41706125962963,0.49,0.49,2.2,0.083,26.00208150932243,15.0,1.0,3.19,0.5356851947596241,8.944548679141864,0
13.384030116812859,0.28,0.49,1.9,0.074,21.732400590701094,21.0,0.9976,2.98,0.6949526085629952,12.608545609800641,1
15.368906381074137,0.33,0.49,3.4,0.093,59.459978226671474,80.0,1.0002,3.3,0.8273276079180354,10.593727332549674,1
9.854355328116181,0.51,0.24,2.4,0.091,23.30646220825055,38.0,0.998,3.47,0.7827740690406145,11.383589042756197,1
12.203886373830839,0.31,0.49,2.7,0.094,35.13769368631334,47.0,0.9986,3.12,1.1374133295232627,10.193798514555752,1
9.568474717207762,0.73,0.24,1.9,0.108,22.64734265270993,102.0,0.9967,3.26,0.7814898869888584,10.541717857178678,0
4.624765598112257,0.42,0.24,2.0,0.06,23.79152224131585,50.0,0.9917,3.72,0.9511791577131516,14.638922815771778,1
10.623892354823495,0.29,0.49,2.6,0.059,8.743516345518527,13.0,0.9976,3.05,0.8574147487476799,10.816241772876685,1
8.882731743258384,0.45,0.49,2.6,0.084,37.43374607917883,75.0,0.9987,3.35,0.7603182218056579,10.720263598609465,0
8.646932865720542,0.39,0.49,1.7,0.07,39.51497655199802,149.0,0.9922,3.12,0.5611093198975539,12.405612713910433,1
11.387535433801961,0.45,0.49,2.6,0.084,40.96553860439621,75.0,0.9987,3.35,0.8838970693223878,9.8598798193742,0
11.078616310832327,0.49,0.58,3.5,0.094,25.808241716353344,43.0,1.0004,3.29,0.6389190953601797,9.121282450322097,0
8.07699333757763,0.72,0.17,2.6,0.096,14.709519720020849,38.0,0.9978,3.4,0.8279507556836475,9.010718583612858,0
10.265368995270558,0.595,0.41,7.9,0.086,40.71927029562407,109.0,0.9998,3.27,0.5054426441532222,10.41303811233909,0
13.115131089600442,0.4,0.51,2.0,0.059,5.511423617179407,24.0,0.9994,3.04,0.684020235497792,9.083622738914512,1
12.183909148467428,0.58,0.58,1.9,0.071,9.075993676429501,18.0,0.998,3.09,0.7207230952564934,10.855922851317608,1
10.36505358039053,0.585,0.18,2.1,0.078,14.795679293924186,30.0,0.9967,3.2,0.6534384288386781,11.15764172998651,1
13.037087080264802,0.59,0.45,2.3,0.082,26.36024175607305,22.0,1.0,3.0,0.9524727542909894,10.329908067602014,1
7.411144452130891,0.915,0.27,2.1,0.088,7.913436617809195,23.0,0.9962,3.26,0.4361806179240938,10.236040000104941,0
12.720690850108953,0.46,0.52,2.2,0.071,0.9145795201717455,35.0,1.0006,3.1,0.545356896557084,10.627327605282893,1
6.859732337883805,0.835,0.0,2.6,0.081,15.87883033038914,14.0,0.9975,3.3,0.4654990218948185,9.80472448265322,0
14.937630723817003,0.46,0.52,2.2,0.071,42.489864554469605,35.0,1.0006,3.1,0.8746299322878464,8.715116569602289,1
9.902373338210078,0.58,0.13,2.9,0.096,20.67068293706194,63.0,0.9984,3.17,0.7959624756437901,9.710646702618458,1
9.832889187658964,0.6,0.13,2.6,0.085,14.760719826957063,24.0,0.9984,3.31,0.5785587930320524,10.552798819743014,1
11.611514987446103,0.41,0.48,4.6,0.072,33.28149453246497,20.0,0.9973,3.34,0.8655194446671648,12.477572888197349,1
11.853129195098326,0.48,0.41,3.3,0.092,39.307617712392535,52.0,0.9982,3.31,0.8258590274919062,12.101214489943764,1
10.667922593566258,0.65,0.37,5.1,0.11,21.18284596582958,65.0,1.0026,3.32,0.7378910631153007,10.595804853354306,1
8.259050205719472,0.36,0.19,3.2,0.075,27.067813350365988,39.0,0.9956,3.56,0.6098809894396116,13.01184571308546,1
7.99266685930073,0.24,0.54,2.5,0.083,35.46219822821806,57.0,0.9983,3.39,0.5696573877222669,9.160716069281404,0
16.513250224890868,0.38,0.55,2.7,0.081,3.830517395403888,16.0,1.0006,2.98,0.5366109026972907,10.835419736584141,0
7.158980186060578,0.64,0.0,2.4,0.077,15.142744042266969,29.0,0.9965,3.32,0.8960708996603114,10.807142960743276,1
8.603821356955516,0.39,0.38,1.5,0.058,34.15734015814319,29.0,0.9962,3.26,1.1025959856230905,9.817253628967185,0
9.76034118756569,0.755,0.18,2.2,0.148,19.906884555897946,103.0,0.9969,2.87,1.3620077216516355,10.71475125158861,1
8.866969204215652,0.6,0.5,2.3,0.079,37.205736808924755,71.0,0.9997,3.5,0.8961236082513339,7.934273228067839,0
11.0382508288117,0.6,0.5,2.3,0.079,35.61308915261001,71.0,0.9997,3.5,0.6395128574004699,11.215782007333596,0
13.190818844389254,0.31,0.51,2.2,0.079,28.90424476320002,28.0,0.9982,3.03,1.1379712315595256,10.506966738739733,1
12.529047098382936,0.46,0.5,2.7,0.122,33.61221151347442,17.0,1.0006,3.13,1.0268384497763816,9.001134072089386,0
10.54750146959479,0.37,0.41,2.3,0.088,18.752627290006167,16.0,0.9988,3.09,0.9159323872345374,8.910663514199667,0
12.455490231242532,0.54,0.24,3.4,0.076,19.44694116374582,112.0,0.9976,3.27,0.7011348281636873,9.893110765344332,0
10.357888028575244,0.56,0.23,3.4,0.078,21.251810445085518,104.0,0.9976,3.28,0.8642366353351837,9.13215872548607,0
15.06202449556596,0.58,0.22,1.9,0.08,26.330358504710695,32.0,0.9974,3.13,0.5350897813572975,11.028891389744146,0
8.171458867896867,0.51,0.25,2.9,0.077,24.491176957544205,45.0,0.9974,3.49,1.2511535113218488,13.30938170967078,1
9.527089231045267,0.69,0.0,5.6,0.124,36.49983121762844,58.0,0.9997,3.46,0.8749713346881207,11.359050705090642,0
9.278309771426184,0.69,0.0,5.6,0.124,9.947903801835569,58.0,0.9997,3.46,0.7772593887969954,8.832239584884373,0
9.788141660788243,0.6,0.29,2.2,0.098,11.444464454662345,15.0,0.9988,3.36,0.543677083188675,9.504562867374533,0
12.158297477322142,0.6,0.29,2.2,0.098,18.62448008786874,15.0,0.9988,3.36,0.4380003422671495,9.357792276695903,0
9.528190757231378,0.54,0.26,2.5,0.097,25.996695646685666,31.0,0.9976,3.27,0.6628976440683139,9.339170143032819,1
8.490199677218907,0.685,0.23,2.3,0.111,21.51903054704336,84.0,0.9964,3.21,0.7098005888453653,9.79858299514148,0
5.257602011708282,0.54,0.26,2.5,0.097,2.7927991973237862,31.0,0.9976,3.27,0.5916882548569409,9.192377628094276,1
12.36260284520795,0.28,0.54,2.7,0.105,11.186260973993662,19.0,0.9988,3.25,0.7594402790474768,10.536017071915103,0
7.146604713004552,0.41,0.14,3.0,0.087,19.95047799357581,43.0,0.9964,3.32,0.7697357809476699,12.006045207989098,1
10.725790137589886,0.935,0.22,3.4,0.105,18.120968033249298,86.0,1.001,3.43,0.7466575700721595,12.732584380081311,0
7.863479266814716,0.35,0.21,1.9,0.073,54.31244863198038,102.0,0.9964,3.27,0.8054749061918001,10.234960025381179,0
9.582761546750744,0.84,0.0,1.4,0.065,21.32935418484051,33.0,0.9954,3.27,0.5761528951750959,12.25695401165795,0
11.611147642119157,0.88,0.28,2.4,0.086,45.09977306737874,147.0,0.9979,3.24,0.801669889060646,11.224401684386688,0
10.90839588202406,0.885,0.27,2.3,0.084,38.052539973906114,145.0,0.9978,3.24,0.6821243379485313,10.165952237218322,0
10.081320124974994,0.915,0.12,2.2,0.143,24.40954943934859,23.0,0.9964,3.35,0.9951510841001587,10.641380577447796,1
12.055743394119602,0.29,0.35,1.9,0.067,17.929726849510445,57.0,0.997,3.18,1.8229869314094809,12.293247802284268,1
10.779189656509969,0.54,0.45,2.3,0.071,15.85613375795478,40.0,0.9991,3.39,0.6918379268697421,11.111530921250644,0
10.22629172406153,0.59,0.44,2.3,0.071,33.69167923180173,68.0,0.9992,3.46,0.7074221262122569,9.150096827340997,0
12.626873927750157,0.54,0.45,2.3,0.071,17.68106797019456,40.0,0.9991,3.39,0.7222137770005786,11.178233729142592,0
12.337356427421676,0.59,0.44,2.3,0.071,27.991270527583175,68.0,0.9992,3.46,0.8463861350019148,10.220925368317529,0
12.324429081456724,0.54,0.45,2.3,0.071,24.373975879358497,40.0,0.9991,3.39,0.9354145154500237,9.518577658284345,0
7.866609042811673,0.64,0.1,6.0,0.115,14.692431497594535,11.0,0.9984,3.37,0.7370811081501507,9.26519364788176,1
9.281583597208446,0.67,0.05,3.6,0.107,8.698166421740527,20.0,0.9972,3.4,0.817304434949484,10.723273848739348,0
9.845356147022116,0.845,0.01,2.2,0.07,14.617374285772245,14.0,0.9967,3.32,0.6971730841942315,11.842109632539396,0
11.558920466107548,0.48,0.3,2.8,0.066,11.81970158185644,28.0,0.9964,3.33,0.889424629295135,13.405784963682022,1
7.294936665820321,0.42,0.27,8.6,0.068,38.0105892116623,148.0,0.9948,3.16,0.9102964752149614,12.968608495210809,1
9.771493821162279,0.43,0.39,2.2,0.106,15.407096399178732,32.0,0.9986,2.89,0.6030157327620999,9.955603279190111,0
12.154292055924824,0.88,0.25,2.5,0.104,44.66549151095053,155.0,1.001,3.41,0.5791622040776492,12.384461719684973,0
13.729384436499561,0.36,0.65,7.5,0.096,51.873596091118124,71.0,0.9976,2.98,1.0764828047600852,16.45693984488796,0
9.77396881915419,0.33,0.59,2.8,0.079,8.103736474174333,30.0,0.9976,3.12,0.562686106476302,12.925815666942094,1
8.567691504517303,0.47,0.47,2.4,0.074,26.98795637557256,29.0,0.9979,3.08,0.576198290628454,9.851965143216777,0
9.658304683761312,0.55,0.17,2.9,0.087,6.114339469757422,53.0,1.0004,3.14,0.852331359673995,9.798838917821323,0
11.049568305508805,0.43,0.39,2.2,0.106,-1.0239912664243853,32.0,0.9986,2.89,0.675933986366249,10.781162989366836,0
15.088528766566583,0.5,0.59,1.4,0.073,20.98629361132864,42.0,0.998,2.92,0.8018117802358277,11.704614065968354,1
9.735809869583536,0.52,0.07,1.4,0.074,3.514420346104357,20.0,0.9973,3.32,0.8675128079280958,10.2027802759005,1
8.142247163640617,0.84,0.02,4.4,0.096,15.07272780269967,13.0,0.997,3.41,0.31236379501083905,9.619617587998345,0
10.171875176899697,0.52,0.07,1.4,0.074,15.793562039597566,20.0,0.9973,3.32,1.0403017854830765,9.352319478188624,1
7.413227722007997,0.42,0.31,1.6,0.08,21.235749202711027,42.0,0.9978,3.31,0.7413039208577318,10.380839981151516,0
6.923815621703784,0.57,0.06,1.6,0.076,16.113927928926763,27.0,0.9972,3.36,1.0408224329906615,8.63592208471729,1
12.695761025511448,0.28,0.46,1.8,0.05,17.784527369831203,13.0,0.9974,3.04,0.9795804069929186,12.062088721623226,1
14.300248808423202,0.4,0.52,2.0,0.092,30.340647616572973,54.0,1.0,3.03,0.7222259616897246,11.935893427790786,0
10.151786723409634,0.59,0.14,2.0,0.084,22.267480507779755,48.0,0.9981,3.14,0.840279124708613,10.587570131043865,0
8.11131962938552,0.49,0.36,1.8,0.222,11.339776483804489,16.0,0.998,3.18,0.8917051586491522,10.862290640964245,1
14.726104088967912,0.34,0.45,2.0,0.082,13.785789198910702,15.0,0.9988,2.94,0.7659036466440639,10.503332491740993,1
8.996985679896314,0.73,0.43,2.3,0.059,27.429310779033365,31.0,0.9966,3.15,0.8674704923653365,11.752895742206746,0
11.85934330034312,0.34,0.45,2.0,0.082,7.902349900971933,15.0,0.9988,2.94,0.7203027107036509,8.881246790544266,1
8.611256054879616,0.4,0.24,2.5,0.083,37.621511574455184,45.0,0.9959,3.26,0.7372547126245935,11.677167227334174,0
12.10307106459759,0.73,0.21,1.7,0.074,13.619032394791363,13.0,0.9968,3.2,0.73309175160382,11.55224558814534,0
11.726488549473856,1.24,0.34,2.0,0.079,34.47303128566796,151.0,0.998,3.15,0.7720263484274379,9.322169472347506,0
10.261882384855,0.73,0.21,1.7,0.074,7.273492942291465,13.0,0.9968,3.2,0.7398874167186009,9.149391098494535,0
11.399795563358294,0.4,0.41,2.2,0.084,16.19444264320174,17.0,0.9984,3.08,0.7604954125391079,10.035910044120346,1
11.484700116225362,0.41,0.39,2.2,0.064,19.277381026024614,31.0,0.9984,3.26,0.9339170905988364,10.51865626505771,0
12.339559991179842,0.4,0.41,2.2,0.084,19.55618430624843,17.0,0.9984,3.08,0.7887325438974866,10.276108230518211,1
7.780341244264227,0.8,0.11,2.3,0.084,11.554324337633675,31.0,0.9979,3.4,0.5384422960853716,11.782390135353182,0
10.797337817647735,0.78,0.1,2.6,0.081,50.433578513427925,87.0,0.9983,3.48,0.590434260062965,8.938023517013892,0
13.544515741060401,0.26,0.45,3.3,0.06,26.450016872447325,49.0,0.9972,3.13,0.9386788418153115,11.80062227101799,0
15.811865797394159,0.43,0.58,1.9,0.07,30.17864096067635,40.0,1.0004,3.06,0.5249884878306631,9.505835365423016,0
9.439298757436205,0.45,0.23,2.2,0.094,16.498625017006567,29.0,0.9962,3.21,0.800758532488368,11.488843078772955,1
8.561040213917623,0.46,0.31,2.25,0.078,42.331723021610024,58.0,0.998,3.33,0.5216299596465328,11.180018919653348,0
6.276468020565794,0.78,0.23,2.6,0.059,15.483215402911958,15.0,0.997,3.37,0.761768286328163,12.779437449179387,0
11.411633417792673,0.98,0.32,2.3,0.078,57.145384450323334,152.0,0.998,3.25,0.655891758510821,10.30531283309264,0
10.999889323815985,0.78,0.23,2.6,0.059,4.940675309232274,15.0,0.997,3.37,0.9154530009622411,12.40450954691427,0
9.879531387699856,0.65,0.18,1.8,0.07,15.86831463720948,40.0,0.997,3.44,0.646865032721641,10.198935209293303,0
11.629566192867777,0.64,0.23,3.1,0.095,13.524215517768564,38.0,0.9998,3.28,0.5994023191928424,10.015196506928605,0
8.989510285288558,0.66,0.04,1.6,0.039,-1.6047962199557304,9.0,0.9962,3.4,0.5898061258124896,8.753732125787407,0
11.007580950103767,0.38,0.48,1.8,0.157,28.13524744381605,17.0,0.9976,3.3,1.4113620074245992,9.213136615160197,0
10.080120853597908,1.185,0.0,4.25,0.097,2.9790873726959273,14.0,0.9966,3.63,0.5557087569406872,11.463667637039253,0
10.004200465310554,0.92,0.24,2.6,0.087,13.537179404633044,93.0,0.9998,3.48,0.32460183547549726,9.981754587528954,0
10.93529490696804,0.49,0.51,2.0,0.422,35.37862494564765,62.0,0.9979,3.03,1.3137104361439103,9.183724439532208,0
9.64635185871097,0.48,0.32,2.8,0.084,14.697905659165125,122.0,0.9984,3.32,0.8843661931722147,11.78645687427216,0
11.145064415596526,0.47,0.31,2.7,0.084,38.69737048713412,125.0,0.9984,3.31,0.6081278384462339,10.984771138292185,0
4.68336728953336,0.47,0.02,1.3,0.034,14.543760412297686,44.0,0.9921,3.9,0.8705899209539993,13.437630717451414,1
6.690486270460065,0.65,0.02,2.1,0.066,26.800623685875827,25.0,0.9972,3.47,0.6651302699171463,10.92546674984078,1
9.866829369102811,0.65,0.02,2.1,0.066,-1.7896833935402547,25.0,0.9972,3.47,0.7857314278974914,9.99424076256077,1
12.098783035937412,0.615,0.28,3.2,0.087,11.694873307253731,72.0,1.0001,3.31,0.7676735083561124,10.646929564968605,0
14.075420030837995,0.38,0.55,2.1,0.071,8.808147884640004,19.0,0.9986,3.11,0.5945786447789366,12.029037532546011,1
12.11540680685825,1.02,0.43,2.9,0.076,42.50045988467144,88.0,0.9984,3.08,0.730219804935435,10.596510752005516,1
5.062125768510921,0.65,0.02,2.1,0.066,16.109063046912368,25.0,0.9972,3.47,0.9703627758169979,9.768334630315147,1
8.288584078240016,0.64,0.02,2.1,0.067,14.558819688228066,23.0,0.997,3.47,0.8698736938177485,11.295977634544649,1
9.525498366622,0.38,0.48,2.6,0.073,41.63199253455504,84.0,0.9972,3.32,0.7378846665231762,10.976086290066023,0
9.74805938369698,0.765,0.04,1.6,0.078,30.403440679487947,14.0,0.998,3.29,0.8815522723257608,8.63040148733629,0
8.800460241873527,1.035,0.15,6.0,0.073,24.993658951100645,54.0,0.999,3.37,0.7148872845366694,10.182925424756199,0
10.404777070216532,0.78,0.08,2.0,0.093,13.15600087841397,19.0,0.9956,3.4,0.3533184467507836,10.18647264506736,0
8.708901901753702,0.49,0.19,3.0,0.077,20.869052158592204,37.0,0.9966,3.37,0.7628018434829978,10.8229926853995,0
9.826350810795443,0.545,0.12,2.5,0.068,8.586236104166453,35.0,0.996,3.34,0.6681240446778403,13.187761394790996,1
12.171147004559986,0.31,0.47,1.6,0.062,22.21177842550296,33.0,0.9983,3.27,0.8222606982788007,10.868907807461541,1
10.597998329110514,1.025,0.43,2.8,0.08,15.731486831677124,84.0,0.9985,3.06,0.8422965550180772,9.767827432674698,0
10.561991240360255,0.565,0.34,3.0,0.093,28.98618994422406,112.0,0.9998,3.38,0.6710761331797577,10.02583036257413,0
11.930979590959684,0.69,0.0,3.2,0.084,38.15102104142398,33.0,0.9992,3.36,0.36245403675847077,10.714383864622588,0
11.926831283538707,0.43,0.36,2.3,0.075,24.373022027727014,48.0,0.9976,3.34,0.7997659181651835,10.065279207422964,0
11.348503545821982,0.74,0.28,2.6,0.078,25.44223853963387,77.0,0.998,3.28,0.8035296050192944,10.102925855916663,0
8.261450947135568,0.49,0.18,2.7,0.069,25.777604015362922,34.0,0.9967,3.29,0.6037731810755151,10.334909783745536,1
9.767594506119751,0.43,0.36,2.3,0.075,31.928952944857073,48.0,0.9976,3.34,0.7113342977199568,11.632098287225242,0
9.332233506933452,0.46,0.11,2.6,0.079,33.510221899908245,49.0,0.9968,3.21,0.6555146802698668,11.24591445423251,0
11.724460544962024,0.56,0.04,2.0,0.082,9.968553491497294,22.0,0.9976,3.22,0.5887552810905285,11.56163102253182,0
7.105025933364703,0.66,0.0,3.9,0.086,29.638349844774403,45.0,0.9976,3.46,0.6560393329939882,9.860098268043703,0
9.4030482546088,0.56,0.04,2.0,0.082,17.045112453211708,22.0,0.9976,3.22,0.5309989289817298,10.445405080885342,0
8.736836533659773,0.48,0.24,2.85,0.094,50.117799163020436,106.0,0.9982,3.1,0.7143290197595039,10.028192526024247,0
7.583153311095731,0.42,0.08,2.7,0.084,26.57825531403399,48.0,0.9968,3.21,0.5617697891113713,10.95371202750534,0
9.01739835951119,0.31,0.3,2.2,0.053,24.537999241506924,127.0,0.9965,2.94,1.721489818275413,10.728092036428569,0
10.020909459527012,1.115,0.1,3.1,0.086,10.455908367677482,12.0,0.9958,3.54,0.7782507560910904,11.269081584656417,0
9.488354264902203,0.66,0.17,3.0,0.077,15.029686890698706,13.0,0.9976,3.29,0.9348623030233038,11.804407231575459,0
10.568310169966521,0.72,0.09,2.8,0.084,14.365179409065782,49.0,0.9994,3.43,0.6972814249474766,10.56470584780609,1
9.341169460295594,0.57,0.02,1.8,0.067,17.230190716737816,11.0,0.997,3.46,0.8861954848981839,9.213756007501882,0
10.487684646927711,0.57,0.02,1.8,0.067,-0.3850253464300195,11.0,0.997,3.46,0.9010572762998402,12.17322806785188,0
7.890025839876684,0.865,0.03,3.2,0.071,28.686687362401596,58.0,0.995,3.61,0.3711120448095154,13.117638757565388,1
10.001763723940808,0.55,0.66,2.3,0.387,31.592392156279963,37.0,0.9982,3.17,0.8612760171021326,11.074474163618993,0
8.89655690318585,0.875,0.13,3.45,0.088,4.9725620574864955,14.0,0.9994,3.44,0.7749771556055136,13.800384478095754,0
7.1582145903129835,0.835,0.03,2.1,0.092,23.171153166834902,19.0,0.9966,3.39,0.6854301738398815,8.479381415266825,0
10.13366791664685,0.45,0.34,2.7,0.082,9.694000497881616,72.0,0.998,3.55,0.7242245792890827,11.312697300175037,0
6.9825355159161555,0.56,0.2,2.0,0.075,34.784827986511004,39.0,0.9987,3.48,0.8007947933276198,10.705780596388033,0
10.78905097832046,0.965,0.1,2.1,0.112,16.81958248440506,22.0,0.9963,3.26,0.6586374729761517,11.751028628390678,0
7.8832454716686025,0.965,0.1,2.1,0.112,20.165782058377438,22.0,0.9963,3.26,0.40650573522076383,9.345245321007651,0
8.638469063901125,0.59,0.0,2.5,0.093,28.866327972067033,58.0,1.0002,3.5,0.8118208991460949,11.38977809821519,1
10.181778938734121,0.46,0.23,2.8,0.092,41.45232139229666,104.0,0.9983,3.1,0.6458287870201931,9.422158074030632,0
9.412772778114913,0.69,0.0,2.4,0.088,14.655436705905156,38.0,0.999,3.35,0.6400277617888783,11.051768083659105,0
10.99101027044589,0.76,0.29,4.2,0.075,20.323469317754736,16.0,0.9965,3.45,1.1525813846358077,12.321824905423458,1
13.118642237139223,0.53,0.24,2.6,0.078,30.8554653162556,139.0,0.99788,3.21,0.8754672694479305,11.009640729571625,0
6.977154887354544,0.615,0.0,1.9,0.065,3.2296985404437777,18.0,0.9972,3.46,0.6296358301098275,10.094196708997643,0
12.390822886242153,0.41,0.58,2.8,0.096,41.62848810523197,101.0,1.00024,3.13,0.7126113874292712,9.284381554864686,0
12.265391249513645,0.39,0.54,2.7,0.095,26.421097824665424,101.0,1.0001,3.13,0.8433219521736451,7.69216398309483,0
9.446502605554251,0.51,0.18,2.1,0.07,22.397566952081394,28.0,0.99768,3.52,0.6627126240939274,10.531494209071829,1
9.379092324117735,0.34,0.38,2.5,0.08,21.873094624005105,57.0,0.9978,3.3,0.616044927495516,9.627690961637091,1
11.925156071045382,0.33,0.4,2.6,0.083,21.566039711246482,68.0,0.99782,3.3,0.6324305380610667,10.592030992150743,0
10.18998319802466,0.5,0.18,2.1,0.071,36.89540248676448,31.0,0.99761,3.52,0.6827772324548862,10.237564646117946,1
7.041673743203419,0.51,0.18,2.1,0.07,19.972609027349407,28.0,0.99768,3.52,0.9170747242619481,12.073013781015371,1
10.418521658457415,0.65,0.1,2.9,0.089,12.33098494034633,40.0,0.99803,3.29,0.8369748269801598,10.549074820308983,0
11.810522693209872,0.65,0.1,2.9,0.089,22.017684075605036,40.0,0.99803,3.29,0.8901052575117687,9.97149590222575,0
8.303708028138589,0.54,0.13,2.5,0.097,36.549992735921236,66.0,0.99785,3.39,0.7117904191242357,10.540147571972707,0
9.283002266634893,0.65,0.1,2.9,0.089,29.824948332142935,40.0,0.99803,3.29,1.0248426188019661,9.987074198124777,0
8.45738643626457,0.48,0.68,1.7,0.415,13.265438110564213,32.0,0.99656,3.09,0.916533800899969,10.031760255772927,1
8.486583064741907,0.91,0.07,1.9,0.058,38.14615191786267,47.0,0.99525,3.51,0.6139105585202289,10.514590731814934,1
5.368929171296744,0.98,0.01,2.0,0.057,8.616233741545798,33.0,0.99488,3.6,0.4040905881012254,12.045214888433597,1
7.642697637454342,0.87,0.0,2.2,0.084,27.942392627090015,31.0,0.99656,3.25,0.6478348528669433,10.245148619587686,0
9.600788419658198,0.87,0.0,2.2,0.084,7.327656761316275,31.0,0.99656,3.25,0.5648321142016929,9.6953628457914,0
12.301132943136949,0.42,0.21,2.5,0.092,39.47487717224799,88.0,0.99823,3.19,0.7243409969961534,11.736916197396424,0
9.538540852614641,0.58,0.25,2.8,0.075,26.276569957689468,104.0,0.99779,3.23,0.6883998503795286,9.628612744640613,0
9.79759515561142,0.655,0.26,2.0,0.096,14.369000832678049,35.0,0.99738,3.25,0.4435975171068924,10.458471303201767,0
12.562886711243145,0.7,0.0,1.7,0.069,23.202361329683676,19.0,0.99701,3.31,0.5625058859670697,10.168112867644716,1
9.149210665457868,0.655,0.26,2.0,0.096,18.545166543700574,35.0,0.99738,3.25,0.8176578817464044,10.705770333194543,0
8.178969571219788,0.68,0.11,2.8,0.093,30.131782857089085,44.0,0.99888,3.31,0.7457498790987103,9.26607732580451,1
9.438856914205385,0.67,0.1,3.0,0.091,29.25683099619627,48.0,0.99888,3.31,0.44478742693693374,11.0689668850398,1
9.269699761909314,0.59,0.18,2.9,0.089,16.571136222688615,74.0,0.99738,3.14,0.7502954759720242,11.988426576982427,0
6.458889749011386,0.6,0.32,2.7,0.103,26.664660649613758,98.0,0.99938,3.45,0.7292063412456977,9.636798266544254,0
8.314530699812945,0.59,0.02,2.3,0.082,19.593747899116824,94.0,0.99744,3.55,0.6662295167734217,11.590041477539657,1
10.613946212650614,0.72,0.01,1.9,0.076,14.883570039787369,32.0,0.99668,3.39,0.7867869953386204,10.126968915478217,0
6.701700157067262,0.59,0.02,2.3,0.082,39.217308617217526,94.0,0.99744,3.55,0.8260577951800935,11.83627229168946,1
10.914862746156777,0.685,0.26,2.4,0.082,32.488179554610966,143.0,0.9978,3.28,0.5691457824373849,12.118304003388628,0
11.444366772141498,0.57,0.27,2.3,0.082,35.105662936345695,144.0,0.99782,3.27,0.6815724493009738,10.05329258172354,0
9.176733010766302,0.4,0.29,1.8,0.157,7.583435551906618,44.0,0.9973,3.3,0.9815498823959751,9.056455442924621,1
9.55152400194356,0.4,0.3,1.8,0.157,19.816320412993676,45.0,0.99727,3.31,1.1265434281084588,11.160808302714944,1
8.867729670798747,1.0,0.0,3.0,0.102,14.695196283171972,16.0,0.99586,3.43,0.5641037972093458,11.043857380129715,0
7.160846931758056,0.765,0.18,2.4,0.243,9.973180000189407,48.0,0.99612,3.4,0.739572247650333,11.5803281297643,1
10.380218333334312,0.635,0.17,2.4,0.241,21.786614609401283,18.0,0.9961,3.4,0.6889545457423032,10.862804590321828,1
11.430848918285172,0.43,0.3,3.4,0.079,3.609570891353462,34.0,0.99788,3.36,0.7312151848243095,10.598473806899088,0
10.150277336609978,0.52,0.03,2.6,0.076,33.560835512087806,92.0,0.99745,3.5,0.9667657782881847,11.641770417567596,0
9.804802734211185,0.57,0.0,2.0,0.19,11.644481237393205,45.0,0.99676,3.31,1.0598068248688945,10.525165929635932,1
5.6991242902169175,0.46,0.14,2.4,0.114,28.06197775965773,37.0,0.99732,3.66,0.8367413771421661,9.421852518376022,0
11.68276809159415,0.82,0.05,2.4,0.081,32.18381674195997,96.0,0.99814,3.36,0.6520491233304467,11.43811859199113,0
8.806049239834724,0.46,0.14,2.4,0.114,18.49769467048769,37.0,0.99732,3.66,0.5692283293830026,11.067009356809995,0
6.352688567546254,0.59,0.01,2.5,0.077,31.820566463843125,85.0,0.99746,3.55,0.6224886298517882,10.375205651028756,0
10.993533352038703,0.35,0.41,2.3,0.083,3.2202825521117795,61.0,0.9982,3.21,0.6184194695670535,11.733480027381454,0
11.678416298903857,0.35,0.41,2.3,0.083,13.923949923956972,61.0,0.9982,3.21,0.5386390182751067,9.825520386212663,0
13.711066151895574,0.56,0.24,2.2,0.079,36.10064878891992,58.0,0.9991,3.18,0.6128996347407892,10.808467319195092,1
12.40232828701335,0.56,0.24,2.2,0.079,34.62969226843836,58.0,0.9991,3.18,0.9092371928123381,11.607832744835271,1
8.78864329086724,0.63,0.17,2.9,0.099,31.736574612604095,119.0,0.998,3.09,0.6595097787734892,10.217977095601446,0
11.154344736747678,0.37,0.43,2.6,0.082,15.07564495012697,82.0,0.99708,3.33,0.8316357897631875,9.372266165350958,1
10.253856881437882,0.64,0.17,2.9,0.084,38.267692061405846,130.0,0.99818,3.23,0.5841815792312107,10.609229292168296,0
8.136521805312094,0.61,0.02,2.5,0.081,31.337942932445298,87.0,0.99745,3.48,0.8952872233744559,10.199252651441247,1
8.637241624363474,0.6,0.0,2.6,0.055,15.761571519493678,13.0,0.99639,3.38,0.6667787347474866,12.383152558255686,0
9.231464216742946,0.27,0.54,2.3,0.065,25.603773691126197,26.0,0.99531,3.17,0.5949735623457232,13.48145285505893,1
12.039981631352566,0.89,0.3,2.6,0.132,9.649082533512466,60.0,0.99786,2.99,1.1012469464507109,11.133105059149184,0
10.785812854356308,0.46,0.31,2.5,0.126,28.10157334153045,64.0,0.99746,3.1,0.8673198229943524,9.558864239230555,0
10.156085460404595,0.37,0.44,1.6,0.038,8.576583874852236,42.0,0.99526,3.24,0.8707434361202169,11.45642965455918,1
11.378515662568871,0.5,0.34,3.6,0.082,21.065357688882827,14.0,0.9987,3.29,0.8840440033728874,12.379578295081096,1
9.588886565709249,0.5,0.34,3.6,0.082,15.994561899648014,14.0,0.9987,3.29,0.9056485420332121,10.890510378674701,1
8.396581796366013,0.61,0.08,4.0,0.082,20.294441899119775,108.0,0.99641,3.25,0.4780946511805617,10.224783891456735,0
10.433778812259938,0.55,0.09,3.3,0.068,1.6519483063364255,17.0,0.99735,3.23,0.42343533887971196,10.054181905964843,0
6.757051338300549,0.585,0.0,1.7,0.044,15.06584290467633,86.0,0.99264,3.56,1.0381350982707076,12.743267885816024,1
6.856661569228251,0.56,0.08,2.5,0.114,29.009554898608293,46.0,0.9971,3.24,0.6849462885686055,10.380188838860569,1
9.18139573874372,0.52,0.22,2.7,0.084,9.854671293499205,18.0,0.99682,3.26,0.7350884853180714,10.90070547915559,1
11.929376679912533,0.28,0.4,2.4,0.052,5.633567595434839,10.0,0.99356,3.33,0.7913136147936257,15.352370143067628,1
9.106960216987515,0.25,0.39,2.0,0.041,3.9488214386688476,10.0,0.99386,3.27,0.8836473354519807,12.964238572773375,1
9.614895019983567,0.28,0.4,2.4,0.052,3.5739623435814654,10.0,0.99356,3.33,0.9733935387404522,13.609763055779952,1
8.672036960216419,0.53,0.12,1.9,0.165,-3.8131372711122786,12.0,0.99702,3.26,0.8512912046066505,8.986803807055882,0
11.177242230659331,0.48,0.31,2.8,0.07,2.2644856368757527,15.0,0.99693,3.22,0.8205617823731478,11.674489534434768,1
10.490201203768148,0.49,0.1,2.6,0.068,3.4093937663592744,14.0,0.99562,3.3,0.5067962477341242,11.691923426165502,0
15.417668454948961,0.5,0.55,2.8,0.072,21.080402539512814,24.0,1.00012,3.09,1.1069518544403782,13.021441231085882,1
10.837270167734959,0.45,0.33,2.5,0.099,26.98133425630401,38.0,0.99818,3.24,1.0654189756937629,12.600229817578944,0
8.793174882087925,0.39,0.24,2.1,0.102,5.45952793596109,7.0,0.99462,3.44,0.7002712587223993,12.55212022150208,0
14.783950076725466,0.41,0.54,2.8,0.103,46.6961756384799,41.0,0.99939,3.21,0.7649382882598307,11.751782098868262,1
11.219806408836162,0.45,0.33,2.5,0.099,22.812552833871525,38.0,0.99818,3.24,0.6889993084352783,11.827020880907344,0
9.980353752215287,0.51,0.19,3.2,0.081,26.134589323347967,30.0,0.9984,3.23,0.8340744866084765,11.257891307283947,1
14.567752137748391,0.29,0.42,1.6,0.084,40.93376555949688,27.0,0.99545,3.28,0.8614827987714735,13.565337940505907,1
8.073895022996947,0.715,0.0,2.35,0.071,16.23050032123075,47.0,0.99632,3.29,0.7112939087008128,10.956924556641495,0
12.742341209116379,0.66,0.15,3.2,0.097,17.987056947177315,59.0,0.99976,3.28,0.9745113396003482,10.199829802228487,0
9.781706067717876,0.685,0.0,1.9,0.099,13.037338995320795,22.0,0.99606,3.34,0.6311373556164697,9.306134564658683,0
6.860999265736911,0.42,0.0,2.1,0.048,19.356251015000403,42.0,0.99154,3.71,0.7087919691299153,15.989292161391457,1
8.723197708648186,0.54,0.13,2.0,0.076,28.015588520802595,36.0,0.9973,3.61,0.8017178266679189,11.148601435484125,0
6.142264782241432,0.54,0.13,2.0,0.076,18.155867044287096,36.0,0.9973,3.61,0.9308413789473093,10.380157896732772,0
8.78088890078325,0.48,0.28,2.8,0.068,10.217794314454409,16.0,0.99682,3.24,0.5380739171552694,11.615352087976348,0
10.466612273505433,0.46,0.14,2.8,0.076,21.96131901808478,37.0,0.99624,3.36,0.6303008915810291,11.61635587924224,0
9.841899214815289,0.27,0.34,2.3,0.05,9.243473608142962,8.0,0.9951,3.4,0.9613911540014244,12.976700766929863,1
8.707849084582053,0.46,0.14,2.8,0.076,13.547542711496641,37.0,0.99624,3.36,0.4041782313183836,9.90733067897826,0
11.577395093304462,0.57,0.09,2.3,0.065,49.02837115504555,45.0,0.99417,3.46,0.9075160131815629,13.213915236025116,1
7.0351380777594255,0.61,0.08,2.1,0.071,33.14236413944091,24.0,0.99376,3.56,0.8323645884215244,13.31578251247978,1
8.029912170777857,0.685,0.07,2.5,0.058,16.243569083274174,9.0,0.99632,3.38,0.7024419106574883,12.232679890056575,0
7.507146000657662,0.61,0.08,2.1,0.071,21.217085706175077,24.0,0.99376,3.56,1.0018562966779678,13.463741634909091,1
12.860471864569456,0.44,0.42,1.5,0.145,36.46683357680409,48.0,0.99832,3.38,1.0255484502640155,9.710901897113514,0
10.60020107409155,0.47,0.44,1.6,0.147,38.48014453159336,51.0,0.99836,3.38,0.8586137851950911,11.666618290709025,0
10.589664051567114,0.685,0.26,1.6,0.088,44.094947027977064,23.0,0.99694,3.32,0.537633808533557,11.11548986838105,0
10.121588032872875,0.665,0.1,1.5,0.066,43.21607425319726,55.0,0.99655,3.39,0.8390595574314907,8.718803200223805,0
7.717299421687491,0.28,0.28,2.4,0.012,37.337978940727055,100.0,0.99064,3.26,0.5702107207416143,12.300608297224242,1
9.634742877627447,0.28,0.28,2.4,0.012,45.746337677911086,100.0,0.99064,3.26,0.6395575494390511,12.46171437433508,1
12.385971244227356,0.31,0.35,1.6,0.075,14.33438696017319,28.0,0.99672,3.24,0.9995470252998457,10.671807380003571,1
10.375560465174507,0.5,0.04,2.2,0.092,26.253440434750793,26.0,0.99647,3.46,0.7153262403644984,10.618426227659752,0
11.44737950141845,0.42,0.47,2.65,0.085,21.916194318349596,34.0,0.99736,3.24,0.8518859619267221,13.696952438392675,1
9.149953744207075,0.66,0.0,3.0,0.115,38.435907234929715,31.0,0.99629,3.45,0.6615267188370645,10.819258840252225,0
10.575869926334683,0.5,0.45,2.6,0.119,35.25056232041415,68.0,0.99708,3.23,0.9591672581787027,11.95896082907169,1
6.242870189906228,0.685,0.35,2.0,0.088,18.244563707075578,92.0,0.9963,3.28,0.9084837943753001,10.465130726421098,0
8.457632849809706,0.25,0.46,1.7,0.062,19.73606483045318,42.0,0.9959,3.18,0.8416239328810277,11.442181393811014,1
8.54269623318614,0.64,0.21,1.8,0.081,11.846544050285035,31.0,0.99689,3.59,0.7175042513560628,10.051342367633573,0
8.049511746174785,0.64,0.21,1.8,0.081,29.76639239788707,31.0,0.99689,3.59,0.7734711686011257,11.214195421879351,0
8.125617828767973,0.68,0.16,1.8,0.078,12.412684226444927,39.0,0.9977,3.5,1.0552628446771695,9.399533720713453,1
5.322603561683611,0.64,0.21,1.8,0.081,15.331295155948109,31.0,0.99689,3.59,0.8719698957566268,10.659855746115184,0
6.831253364218436,0.63,0.21,1.6,0.08,20.298853608486738,32.0,0.99689,3.58,0.6160520162755998,11.833708368023922,0
10.698578110977202,0.43,0.44,1.9,0.085,23.181973127177077,22.0,0.99708,3.28,0.6729965979471336,9.971133130004716,0
11.797664465842267,0.43,0.44,1.9,0.085,8.490993734083828,22.0,0.99708,3.28,0.6522630514859836,9.732467947602215,0
9.36984478740326,0.42,0.32,2.5,0.08,5.240280191263764,122.0,0.99801,3.22,1.0465036807254835,11.171061288837928,0
11.043966122206289,0.36,0.39,1.5,0.08,42.08598820656948,55.0,0.99652,3.47,0.8513952146174615,11.891865208759477,1
10.16897089158802,0.36,0.39,1.5,0.08,59.45697272992512,55.0,0.99652,3.47,0.8262748873875079,12.388053267449376,1
11.429331309382063,0.735,0.02,2.5,0.071,21.239522772231915,14.0,0.99538,3.51,0.7965661942321729,12.585355336002449,1
9.274580489162387,0.36,0.39,1.5,0.08,60.44647618064002,55.0,0.99652,3.47,0.8103623955711442,9.7164333928888,1
8.618924186014707,0.26,0.34,2.5,0.073,14.896945969709803,47.0,0.99594,3.4,1.115134764607272,13.158450442180051,1
12.407082790637716,0.28,0.47,1.7,0.054,11.649451739458797,32.0,0.99686,3.15,0.7562854103299205,13.217302072978663,1
8.948797557821342,0.56,0.22,1.8,0.074,27.23878994932904,24.0,0.99438,3.4,0.9623412562532945,13.14722276527641,1
7.145873090463077,0.62,0.06,2.7,0.077,25.37666598585502,85.0,0.99746,3.51,0.6676367605644798,7.335537301976265,0
7.381916365145837,1.01,0.66,2.0,0.039,25.925042499007503,88.0,0.99357,3.66,0.6671224789137858,12.737102133174453,1
9.122576609335667,0.42,0.32,2.7,0.067,23.17555864339211,25.0,0.99628,3.24,0.5863868693095028,10.854617362043587,0
7.625721769456952,0.62,0.06,2.5,0.078,28.896837972587388,84.0,0.99746,3.51,0.6744674893992441,9.62817933024229,0
9.052497874125953,0.62,0.06,2.7,0.077,26.762384531019606,85.0,0.99746,3.51,0.6864210140539148,10.457167414204285,0
7.189116199742429,0.635,0.07,2.6,0.077,30.351394054947654,86.0,0.99748,3.51,0.5590887719277007,10.425551422615118,0
6.636930113289517,0.49,0.22,2.3,0.071,25.57241104538335,24.0,0.99438,3.41,0.937653949556972,12.58618217129768,1
8.4316156272572,0.51,0.23,2.0,0.072,28.543340806958835,22.0,0.99438,3.4,1.078709475357562,12.100770604292004,1
5.881041583407971,0.56,0.22,1.8,0.074,31.807554483452527,24.0,0.99438,3.4,0.9312214444198489,11.097003563354987,1
6.005430583685716,0.63,0.03,2.0,0.08,48.18548980775151,43.0,0.99578,3.44,0.7975441143579683,11.260961408589441,1
9.835048333056665,0.715,0.01,2.1,0.064,33.935611046302796,43.0,0.99371,3.41,0.7282567336504203,12.023399257299937,1
9.753963218399843,0.56,0.03,1.5,0.086,48.38952963765496,46.0,0.99522,3.53,0.7622066939971482,9.989173684483525,0
8.042677701505285,0.35,0.24,2.0,0.067,33.26921312375464,48.0,0.99576,3.43,0.7513617670714818,9.683160280776903,0
9.562336772408878,0.21,0.37,1.6,0.067,7.392799295418373,10.0,0.99552,3.23,0.6919897885901949,11.772590834245674,1
13.193463998255762,0.38,0.46,2.1,0.104,8.597965579436877,10.0,0.99664,3.12,0.662023427975305,13.866332915540381,1
8.597283155596173,0.31,0.4,2.8,0.109,19.50997550126136,16.0,0.99614,3.31,0.7603409801970109,12.195953411026823,1
6.593866608791675,0.47,0.0,2.2,0.067,18.868115476716184,14.0,0.99517,3.4,0.8536095436663553,11.106798527759834,0
10.078527592015675,0.715,0.01,2.1,0.064,42.718823718595054,43.0,0.99371,3.41,0.8100558452428916,11.645446821689708,1
10.205466137109461,0.61,0.19,4.0,0.094,36.479325428804955,69.0,0.99787,3.22,0.7236630607077195,10.878567467701748,1
10.076119430532604,0.6,0.04,2.5,0.076,26.396700642518994,88.0,0.99745,3.53,0.7956093115447628,11.357892820265867,0
7.611749821418415,0.56,0.18,1.6,0.078,25.211182824926624,21.0,0.99576,3.15,0.6036976902167811,12.459889346186792,0
7.041910391435152,0.715,0.0,2.1,0.068,25.904697420906242,35.0,0.99533,3.48,0.7008688523180671,12.495846756399319,1
9.812839851802835,0.31,0.29,3.1,0.194,22.574333749950576,26.0,0.99536,3.22,0.7826568646299852,12.971883500029225,1
9.174645165389276,0.6,0.04,2.5,0.076,27.120889919692324,88.0,0.99745,3.53,0.5378836415619244,9.889204727873137,0
11.372639863174953,0.61,0.19,4.0,0.094,44.67187029631178,69.0,0.99787,3.22,0.7999810701361483,10.531498192734901,1
10.536376713395166,0.75,0.14,2.5,0.086,6.0690773061211765,30.0,0.99824,3.34,0.708732387672659,11.888927263748808,0
10.622221442306595,0.8,0.12,2.4,0.083,28.879592511025123,28.0,0.99836,3.33,0.9286503634442258,10.98409211851547,1
11.550488580227658,0.52,0.38,2.6,0.066,39.15581179428722,56.0,0.99577,3.15,0.900262821563277,12.814182751038574,1
10.408811992438594,0.57,0.0,2.5,0.072,42.59890506666916,64.0,0.99491,3.43,0.6039034999252562,12.03092465028615,1
10.556500992799618,0.9,0.34,6.6,0.112,28.0093293628884,99.0,1.00289,3.22,0.6672036065501145,9.648832974087329,0
9.092947987101187,0.34,0.24,2.0,0.071,42.870364203401095,52.0,0.99576,3.44,0.6358485688034824,10.88861169291001,0
7.216980794569988,0.66,0.03,2.3,0.078,24.769411090487328,86.0,0.99743,3.53,0.8979266816144871,8.830921548648874,0
12.237757820193984,0.45,0.23,1.9,0.082,28.48503830306327,18.0,0.99774,3.22,0.6385806429803855,10.620435352107808,1
7.148439076986339,0.66,0.03,2.3,0.078,12.305520691189177,86.0,0.99743,3.53,0.9926482718848729,12.557499672433234,0
9.628920873721938,0.63,0.03,2.2,0.08,26.837115124687966,88.0,0.99745,3.53,0.6016145228309745,10.181898077921822,1
8.64902546263021,0.59,0.01,2.3,0.08,38.78660820635456,43.0,0.9955,3.42,0.8173029871671154,11.871242966532845,1
12.122944927319786,0.31,0.39,2.4,0.078,23.808537975946003,43.0,0.99444,3.31,0.8859086971355141,14.07853188784212,1
8.101451235953276,0.59,0.01,2.3,0.08,31.981831150160588,43.0,0.9955,3.42,0.6721359143819436,12.64396119661465,1
10.28480260676426,0.31,0.39,2.4,0.078,22.330853486769623,43.0,0.99444,3.31,0.7331938270972143,13.127190992089076,1
8.606911711049937,1.02,0.02,3.4,0.084,15.829528912392073,11.0,0.99892,3.48,0.6122629458168687,10.315144675844202,0
9.891877491678436,0.31,0.36,2.6,0.056,3.222162205317794,39.0,0.99562,3.4,0.6685355350756699,12.880358406960607,0
8.940173077945744,0.635,0.1,2.4,0.08,32.443491952596744,33.0,0.99736,3.58,0.5975743395685073,11.762194406058637,1
6.665647467313217,0.635,0.1,2.4,0.08,20.35032181400257,33.0,0.99736,3.58,0.8418238322381754,11.357841705776371,1
6.218301204663112,0.59,0.06,6.0,0.06,20.43759459634509,18.0,0.9962,3.41,0.6394386623908939,11.538710432564743,1
9.028407309172955,0.59,0.06,6.0,0.06,22.4400834435087,18.0,0.9962,3.41,0.9540126473084313,11.775026539398558,1
10.389396072825527,0.58,0.2,3.0,0.081,18.96812006635568,115.0,0.998,3.23,0.8612141120320126,10.660948487341601,0
7.767003291614053,0.54,0.27,2.6,0.084,19.27157973082113,78.0,0.9964,3.39,1.075786865366046,12.125182737928068,0
6.466345914314471,0.56,0.0,2.2,0.079,-2.66302033472509,9.0,0.9948,3.59,0.5832740599939479,12.166949625187177,1
7.81996803811178,0.52,0.13,2.4,0.078,48.4946278590536,61.0,0.99528,3.43,0.7440666213823902,11.980144862945606,1
8.84964636290493,0.305,0.39,1.2,0.059,24.406278601124033,11.0,0.99331,3.29,0.30022796857204787,12.10953555761153,1
11.312757298060138,0.38,0.48,3.8,0.132,-2.866002070483063,11.0,0.99577,3.23,0.6673916073588808,14.59988267644232,1
7.578828898799108,0.28,0.46,9.0,0.114,7.966542137965853,9.0,0.99901,3.18,0.7489625096467113,11.217617674094143,1
13.360781193996136,0.46,0.44,2.9,0.065,2.076424176838813,8.0,0.99674,3.33,0.7764953631623999,13.114818663047648,1
12.661701261212094,0.395,0.46,4.6,0.094,9.880772245749611,10.0,0.99639,3.27,0.7698601906313258,11.668241610792167,1
5.446561512391531,0.305,0.39,1.2,0.059,20.795995877850416,11.0,0.99331,3.29,0.6646359082326984,12.03717278908877,1
11.505439432681511,0.315,0.4,2.2,0.079,19.630050426979267,6.0,0.99512,3.27,0.4376747326223651,13.23633753201572,1
8.162667179999287,0.715,0.19,1.5,0.161,24.755933942636997,62.0,0.99395,3.62,0.7803506953035186,10.971239876937014,0
8.193497573133902,0.41,0.31,8.8,0.084,45.334920873524055,45.0,0.99824,3.38,0.8411627323876321,10.679637505013762,1
7.986080645258529,0.36,0.32,2.2,0.081,38.506947516058396,79.0,0.9964,3.3,1.0370492993636538,9.802130344335824,1
11.206964968468448,0.62,0.12,1.8,0.072,36.77023174030419,46.0,0.99504,3.38,1.075608523422449,11.486204283856065,1
10.656871837423488,0.41,0.37,2.3,0.091,17.40921955309659,23.0,0.99786,3.24,0.6778769074328627,10.409226813806258,0
10.557397801759254,0.36,0.32,2.2,0.081,45.667387558227574,79.0,0.9964,3.3,1.0054418779599776,11.939280302458911,1
12.883951585539716,0.62,0.12,1.8,0.072,36.098261614914605,46.0,0.99504,3.38,0.7059379002350867,12.936776606280052,1
8.543654685926176,0.41,0.31,8.8,0.084,48.26036007540803,45.0,0.99824,3.38,0.7057756876153101,10.904744785954254,1
8.715769405783089,0.47,0.27,2.3,0.055,29.881769621308788,28.0,0.99516,3.18,0.8317574743443163,11.72636017333999,0
9.525245055193295,0.22,0.36,1.9,0.064,59.63954557056712,77.0,0.99604,3.47,1.0009242348565521,11.529336910728372,1
9.693276726439295,0.24,0.33,2.3,0.061,54.41945999382119,73.0,0.99786,3.47,0.7374505615541276,11.662987458975588,1
10.396674935298826,0.67,0.19,2.2,0.093,13.768836343650156,75.0,0.99736,3.2,0.9045555478851497,10.233970234755512,0
8.870124047540983,0.47,0.27,2.3,0.055,22.98909249143569,28.0,0.99516,3.18,0.9017299664183401,11.767834068611258,0
9.43425315812263,0.33,0.38,3.3,0.063,16.44845578877387,19.0,0.99468,3.3,0.9088361950494255,13.955115942036482,1
6.203823457884196,0.61,0.01,1.9,0.08,24.3220519922421,25.0,0.99746,3.69,0.895857999458456,13.014954214758786,0
8.608896095316641,0.61,0.01,2.0,0.074,18.498060775130973,38.0,0.99748,3.48,0.9568062627469898,9.590496189841785,0
9.239074750365852,0.4,0.29,1.9,0.078,41.598228205863165,66.0,0.9971,3.45,0.4731147488641698,10.797991699887634,1
5.053297387470548,0.61,0.01,2.0,0.074,21.126078512805616,38.0,0.99748,3.48,0.8008369608743511,13.286770214596753,0
8.354431112243361,0.61,0.01,1.9,0.08,18.624752622504644,25.0,0.99746,3.69,1.021033755707229,11.591418834558876,0
10.129222251222007,0.3,0.38,2.3,0.06,25.442984433245314,72.0,0.99543,3.39,0.8423180743725747,12.750952845416535,1
9.127337322200859,0.3,0.38,2.3,0.06,33.29037809700368,72.0,0.99543,3.39,0.7266081423861757,12.605018983115313,1
16.218507735217056,0.63,0.5,1.4,0.071,20.414431701298284,26.0,0.99791,3.07,0.6537147120647804,11.670430507406433,0
9.927917017081722,0.38,0.38,2.8,0.068,35.216869419904825,42.0,0.99356,3.34,0.8023204541678518,14.396111320962579,1
6.065723189042751,0.46,0.17,1.6,0.073,20.451881754561505,11.0,0.99425,3.61,0.5778271735618468,11.191327901670226,0
12.160437970294286,0.33,0.52,2.2,0.074,13.465529055457658,25.0,0.99509,3.36,0.8748835429505849,13.229955870184234,1
13.026309868963967,0.27,0.49,5.0,0.082,20.073086711730838,17.0,0.99484,3.19,0.8601323531029011,11.417709824464492,1
11.676765968330356,0.43,0.4,2.6,0.092,31.82160283575446,52.0,0.99834,3.22,0.6945995859762377,10.674084519337505,1
11.696321374298607,0.5,0.34,2.3,0.094,22.480260701212043,45.0,0.99864,3.24,0.6694742697482975,9.78296128872624,1
10.164152363324526,0.3,0.49,3.8,0.09,10.742952079180398,24.0,0.99498,3.27,0.8379543981333242,13.241694505937247,1
8.6875920046912,0.44,0.42,2.0,0.071,14.9516731736326,20.0,0.99566,3.14,0.9018989661789998,10.540413240695923,1
11.332590680865167,0.44,0.58,4.1,0.092,22.505988052046973,24.0,0.99745,3.29,0.9453606578565931,12.415766105977513,1
9.360100838876704,0.28,0.48,2.1,0.093,8.030111307356286,12.0,0.99408,3.26,0.7473080898530805,14.076545964838559,1
12.284908025033335,0.12,0.45,1.8,0.075,7.00194163560972,21.0,0.99552,3.41,0.882195353261734,12.17593701425966,1
10.757718938105516,0.12,0.45,1.8,0.075,15.722978918513112,21.0,0.99552,3.41,1.0279130151814457,11.128511422681512,1
9.878341574201501,0.12,0.45,1.8,0.075,12.168746955316353,21.0,0.99552,3.41,0.763776290295596,12.972089851510315,1
9.567344370732828,0.28,0.48,2.1,0.093,14.248553166819292,12.0,0.99408,3.26,0.8888135904836034,12.752498118475982,1
11.018327349059305,0.31,0.4,2.2,0.058,1.0510516436110677,10.0,0.99536,3.31,0.8023391792961608,11.894060398949554,1
11.335773312454748,0.34,0.48,2.1,0.052,18.093614979965004,9.0,0.99458,3.2,0.6753625067130316,12.330295379662276,1
8.020376516902953,0.43,0.4,2.7,0.082,9.057670949447658,11.0,0.99538,3.44,0.498127936765526,14.735774548915836,1
9.508857796106755,0.21,0.52,1.9,0.09,25.70070533482867,23.0,0.99648,3.36,1.0679194690477152,9.924223981670421,0
11.703151128491431,0.36,0.52,2.1,0.111,11.051001312625132,10.0,0.99568,3.31,0.7339200780569691,14.568185598999975,1
11.58397376675875,0.37,0.52,2.0,0.088,20.155666847451368,51.0,0.99613,3.29,0.842600771032639,11.619503115792277,1
7.85453689882945,0.57,0.12,2.3,0.12,31.920147981910382,36.0,0.99519,3.47,0.613975056184639,12.308928520899167,1
9.659667749734277,0.59,0.05,2.0,0.089,14.609518872852206,32.0,0.99735,3.36,1.1032917385033154,10.362500538755423,0
9.113224606600731,0.47,0.27,1.9,0.058,47.05647057473483,38.0,0.99518,3.16,1.1067345428637698,11.426832949784226,1
8.222729384891133,0.56,0.14,1.6,0.078,11.218655129467134,18.0,0.99592,3.27,0.7209664643382477,9.483439837195853,0
7.068975684550316,0.57,0.02,2.1,0.115,22.933082205423332,16.0,0.99654,3.38,0.784087783817126,10.865126960259943,0
9.782285753258476,0.27,0.39,2.0,0.1,19.21650122180723,27.0,0.99546,3.15,0.925221191625039,10.849779267095043,1
11.767937869177237,0.47,0.27,1.9,0.058,29.482167787230274,38.0,0.99518,3.16,1.077435201552487,12.262949002976363,1
8.191534140740194,0.34,0.4,2.4,0.065,36.375387978407346,48.0,0.99554,3.34,1.0203575732776289,9.990179593057226,1
9.433578019911408,0.38,0.41,2.4,0.103,14.165809595446236,10.0,0.99604,3.13,0.7170808040277289,12.985726660764582,1
8.145792948830803,0.66,0.2,2.1,0.097,26.589886377502076,113.0,0.99733,3.13,0.6916894130806188,10.776457063483798,0
8.344081997349267,0.4,0.43,2.4,0.068,35.16461482790297,46.0,0.9943,3.2,0.49942085677290105,11.96596310939588,1
7.832726740794089,0.56,0.09,2.9,0.079,11.993348379915599,22.0,0.99669,3.46,0.6952586595653455,11.631185255134254,0
10.93262339652199,0.26,0.48,1.9,0.066,34.46858313873361,10.0,0.99724,3.33,0.7822816489398198,11.796341878503721,1
14.246693143373038,0.26,0.48,1.9,0.066,14.178980084971412,10.0,0.99724,3.33,1.0875916814591473,13.11524706983159,1
11.098906590385923,0.38,0.5,2.4,0.104,18.76046078906109,13.0,0.99643,3.22,0.6939614356763631,11.723441491543582,1
11.688848359720888,0.34,0.44,1.7,0.079,29.276988061608414,12.0,0.99605,3.52,0.5524908210265395,13.953257976307157,0
11.541191062056482,0.33,0.41,5.9,0.073,8.034980917780175,13.0,0.99658,3.3,0.6479636987714577,10.91431083577897,1
8.301829606247745,0.41,0.3,2.1,0.083,43.683271136212795,72.0,0.997,3.44,0.6758591185469017,9.971620850731176,0
11.532036488677772,0.41,0.3,2.1,0.083,41.11554222266122,72.0,0.997,3.44,0.6277754690695287,8.8044455245829,0
10.166911882602982,0.59,0.29,2.6,0.109,38.647308247134674,119.0,0.99801,3.15,0.47651900374571043,11.530620808287523,0
10.500312944368261,0.4,0.32,3.6,0.061,15.87013095542913,29.0,0.99416,3.28,0.3944158818501913,11.929425053280491,1
15.538164819174733,0.45,0.49,1.4,0.075,5.243686217208625,6.0,0.9969,3.13,0.7756312824098635,11.106166688486391,0
11.07043071865016,0.5,0.3,1.9,0.065,18.00334337951181,17.0,0.99774,3.32,0.7668501855780582,11.730409643213202,1
11.939109977339676,0.86,0.26,1.9,0.079,12.47588105341794,28.0,0.99712,3.25,0.7206083983764666,10.848437480442934,0
9.562131808992763,0.52,0.32,2.1,0.07,67.64322050143774,70.0,0.99418,3.34,0.9339513806189502,13.246332111874592,1
8.899061562364853,0.5,0.3,1.9,0.065,21.584060310590907,17.0,0.99774,3.32,0.9039248921988345,10.281199476027489,1
13.672675474664057,0.45,0.49,1.4,0.075,7.238766761502183,6.0,0.9969,3.13,0.8804562583836302,11.39619748145675,0
10.289171377526085,0.58,0.0,2.0,0.064,11.644449263433494,11.0,0.99562,3.45,0.7354730493813888,12.475502642494444,1
13.318666956850361,0.34,0.39,1.4,0.066,13.673632559050402,7.0,0.9947,3.19,0.6421490725668859,12.84536684786828,1
7.489114591043469,0.36,0.3,1.6,0.08,36.68579809685025,70.0,0.99693,3.44,0.6389636577093553,11.883198863318505,0
9.829474040500017,0.39,0.12,1.7,0.097,42.53100279554864,27.0,0.99596,3.16,0.579603156723698,8.39932202398838,0
11.30302071278428,0.295,0.4,1.5,0.073,25.363293020367323,21.0,0.99556,3.14,0.42286617744012306,11.694802847916044,1
8.928692974625546,0.39,0.12,1.7,0.097,30.65900101098003,27.0,0.99596,3.16,0.7736795815683125,11.268531167634611,0
8.988744948092133,0.34,0.28,2.0,0.082,45.07054358132123,68.0,0.99694,3.45,0.7381169379317938,10.146374456727884,0
8.196520645759902,0.4,0.1,2.0,0.076,33.51910413183754,47.0,0.99554,3.36,0.8852347754066383,8.259162397742319,1
9.24699123431858,0.34,0.28,2.0,0.082,48.481097856774475,68.0,0.99694,3.45,0.9248540231907758,9.151878848038233,0
13.401011249920654,0.35,0.45,2.5,0.092,29.326555166963345,88.0,0.99918,3.15,0.4061306872278263,10.532651055216789,0
10.185070383619653,0.6,0.06,2.0,0.079,35.31906219248904,41.0,0.99697,3.39,0.7101234817055451,11.201642213206458,1
7.425492492314882,0.66,0.0,2.2,0.087,9.711628954592303,11.0,0.99378,3.71,1.1061843766212243,14.225880018018568,1
9.590070511400802,0.66,0.0,2.2,0.087,22.39127519546443,11.0,0.99378,3.71,0.7601066937777966,12.986697335660171,1
11.838872520716727,0.84,0.34,1.4,0.05,15.726619445857438,10.0,0.99554,3.12,0.6487219456510276,10.174093376293216,1
7.664177389499726,0.69,0.0,1.65,0.055,33.63161842433149,12.0,0.99162,3.47,0.4593318687314496,12.946153374210672,1
7.197577973498363,0.43,0.3,2.2,0.062,11.275922283289054,12.0,0.99495,3.44,0.8759855612763358,12.574157110652454,1
9.916950365314799,0.35,0.38,1.5,0.058,41.07982060879897,47.0,0.99676,3.26,1.2175874858109665,11.497899276207608,1
11.792755118277872,0.29,0.33,2.05,0.063,12.735766000976549,27.0,0.99516,3.26,1.15007922761875,11.85272293530015,1
7.314929264984312,0.36,0.32,1.8,0.067,7.938891456986105,8.0,0.9928,3.36,0.6028882630400683,14.98093869097317,1
8.1887797107677,0.43,0.29,1.6,0.081,40.54537230032681,45.0,0.99603,3.25,0.6218628714647767,9.698421314660688,0
7.136957397604784,0.36,0.32,1.8,0.067,21.818454285051985,8.0,0.9928,3.36,0.5322491894334684,13.531797353074973,1
9.53543521856627,0.29,0.33,2.05,0.063,46.179704532735386,27.0,0.99516,3.26,0.8601831092383593,11.833928357910555,1
11.677724672421826,0.3,0.34,2.0,0.064,19.5595227509678,25.0,0.99516,3.26,0.7165701801316138,14.116253784014335,1
10.074554613669987,0.35,0.4,3.6,0.11,12.558878591604593,24.0,0.99549,3.23,0.8241035621829769,13.362688751688436,1
9.081327963563545,0.5,0.36,2.8,0.116,40.67205013820555,55.0,0.99722,3.18,1.020385023833505,11.198974851406406,0
10.336118780254708,0.28,0.45,1.7,0.067,5.930325766833487,12.0,0.99354,3.25,0.7338041371945141,12.914067252697288,1
10.60246645038225,0.32,0.31,2.0,0.088,25.090069618466895,19.0,0.9957,3.17,0.8708752193419551,12.839319381418285,1
8.425219738824115,1.005,0.15,2.1,0.102,15.165186671547989,32.0,0.99604,3.23,0.7611441951103767,10.04580185409643,0
10.502882865915462,0.71,0.0,1.6,0.092,32.1387788592087,31.0,0.99635,3.38,0.6414553535289723,9.34828189188112,1
8.806560939273666,0.58,0.16,2.0,0.12,20.498136367800967,7.0,0.99454,3.22,0.6126122395492276,12.300627329016162,1
13.436655186859044,0.39,0.46,2.2,0.075,21.441494335856284,27.0,0.99598,3.06,0.8778089309049502,12.519923163002092,1
11.124122094833448,0.38,0.4,2.2,0.068,28.174574900591576,28.0,0.99486,3.27,0.6527623959524713,14.020351228078821,1
10.683524605232524,0.18,0.37,0.9,0.049,51.67482595831781,109.0,0.99007,2.89,0.5799897437605863,14.125970439939257,1
7.862730795138878,0.18,0.37,0.9,0.049,28.767165231945064,109.0,0.99007,2.89,0.18174399391945328,15.06212095266272,1
8.529811065494306,0.5,0.14,1.8,0.078,10.823417313744068,23.0,0.99636,3.53,0.8258048290015935,9.787763325757611,0
12.619294139094826,0.36,0.66,2.4,0.123,-1.701270365530215,8.0,0.99642,3.2,0.6753530399151418,11.727103367977106,1
10.712196794606106,0.36,0.66,2.4,0.123,28.11891301965364,8.0,0.99642,3.2,0.729535461934412,13.31708496594009,1
9.932090788876035,0.51,0.09,2.1,0.062,11.486192709107849,9.0,0.99584,3.35,0.8189428936721708,10.409950661605244,0
8.454338100870425,0.32,0.42,2.3,0.098,26.270328059090815,9.0,0.99506,3.27,0.7125632398546307,11.910743198908873,1
8.243824012553818,0.58,0.01,1.8,0.088,6.703375832905449,18.0,0.99568,3.32,0.916855821459644,12.9432301071875,1
8.581452678134404,0.83,0.0,2.8,0.095,20.575127473345223,43.0,0.99822,3.33,0.8199449083786725,9.8714782141312,1
10.269543399016246,0.31,0.32,1.9,0.066,29.066795386190798,36.0,0.99364,3.41,0.59293495569579,13.153062687591268,1
5.667444562440879,0.795,0.0,2.2,0.065,37.86831797825071,52.0,0.99378,3.49,0.6233706390565957,12.401921290922544,0
9.453500686624352,0.34,0.21,2.5,0.075,53.827164073243594,68.0,0.99586,3.37,0.3689618941371806,12.068617649116975,1
10.547756619047254,0.58,0.01,1.8,0.088,9.876100827433893,18.0,0.99568,3.32,0.5732635224084818,9.759315796622799,1
9.241100560515624,0.59,0.0,2.1,0.091,28.889390097524508,14.0,0.99488,3.42,0.6339403436685228,12.706740785496592,1
9.685480918036507,0.55,0.01,1.8,0.093,23.87029383959974,15.0,0.99514,3.35,0.7896833353408135,11.093457292191184,1
10.55083190380553,0.82,0.0,4.1,0.095,16.72897824026377,14.0,0.99854,3.36,0.5638524384318875,10.987594004088882,0
7.570445694819681,0.57,0.08,2.6,0.089,16.63085264766292,27.0,0.99592,3.3,0.5566052246529903,10.479449588201454,1
12.29128648696824,0.745,0.18,2.5,0.077,26.077725705129865,48.0,0.99739,3.2,0.3496457182649841,11.892978710240337,1
10.852047396798303,0.37,0.34,2.4,0.085,10.928900827529024,17.0,0.99683,3.17,0.7047280379509827,10.684426432795268,1
8.90040726525802,0.31,0.34,2.5,0.082,20.556607868418837,35.0,0.99356,3.22,0.9901519809899358,11.253612497691462,1
8.229554166299977,0.91,0.1,1.8,0.074,27.94618082075002,56.0,0.99672,3.35,0.7323692113769092,9.38001320754676,0
10.777534795993486,0.41,0.41,6.2,0.078,32.05658592196905,42.0,0.9953,3.24,1.0330177982907895,13.229766819904786,1
9.543457324068443,0.5,0.21,2.2,0.088,38.25843482245307,39.0,0.99692,3.33,0.8435532041151191,12.875277613250747,1
8.886082431377782,0.965,0.0,2.2,0.088,5.670164516567734,32.0,0.99756,3.58,0.5922370105747199,9.979692553918701,0
6.572194997178379,0.49,0.19,1.7,0.079,23.336307279121826,26.0,0.99547,3.38,0.6100206614455925,9.596546047040878,1
11.915112499600966,0.5,0.21,2.2,0.088,19.69818703786183,39.0,0.99692,3.33,0.9524340629220492,12.77145945093519,1
11.827136727631267,0.39,0.41,8.9,0.069,29.039426590081945,39.0,0.99859,3.29,0.6751905779347377,10.58010780471425,1
7.3857951381949185,0.39,0.33,3.3,0.046,23.500148081453965,53.0,0.99294,3.36,0.6191063027361109,12.899944584535028,1
7.639410135437262,0.44,0.0,1.4,0.07,39.64139757521582,38.0,0.99438,3.32,0.6360918006085847,12.117278527042197,1
9.89076494748204,0.78,0.0,1.7,0.076,48.12365582078549,45.0,0.99612,3.31,0.5764807365561426,11.73802803216118,1
7.507704333813065,0.43,0.17,1.8,0.082,24.943398755172492,51.0,0.99634,3.49,0.4876223085732536,10.613262922189099,0
10.867495526261878,0.49,0.36,1.7,0.081,20.637669406739697,14.0,0.99702,3.27,0.954884242480601,10.962239772331044,1
12.31056277664199,0.5,0.36,1.8,0.084,8.442832705931288,17.0,0.99704,3.27,0.9118260077295415,11.938042985410956,1
7.362895627954439,0.43,0.17,1.8,0.082,22.348170285256238,51.0,0.99634,3.49,0.8812463835700611,10.488667078123726,0
10.406292691654157,0.46,0.59,1.4,0.414,22.08868188835045,45.0,0.99702,3.03,1.325025651820195,8.893114002900907,0
7.432643534343171,0.605,0.05,2.4,0.073,9.835584324879516,25.0,0.99258,3.56,0.7886553507887345,14.79927538071485,0
9.55729883322867,0.33,0.42,2.3,0.07,19.495084624266003,20.0,0.99426,3.38,1.1129877715776546,13.968652005306103,1
8.891160102506598,0.64,0.27,2.0,0.095,11.198685316742338,77.0,0.99747,3.13,0.791163365484487,11.459390068681696,1
11.284940000927095,0.64,0.27,2.0,0.095,23.6917726552035,77.0,0.99747,3.13,0.672894816460858,10.620893194373071,1
9.460537413252194,0.48,0.53,4.0,0.101,16.798404858578202,10.0,0.99586,3.21,0.7452793298283146,11.871398402542505,1
6.468929647253407,0.42,0.25,3.9,0.104,24.71972542513836,90.0,0.99784,3.15,0.6164059408145223,10.034692125493281,0
12.185061596922878,0.53,0.57,2.4,0.093,31.352393768953352,52.0,0.9971,3.19,0.7838281307217557,11.58667638046873,1
8.619609183113962,0.48,0.53,4.0,0.101,15.72511082975406,10.0,0.99586,3.21,0.8182595075907046,11.544480621405336,1
13.95658242561349,0.23,0.57,1.8,0.074,18.456589104067366,8.0,0.9981,3.14,0.8167495838975544,10.371281348824706,1
12.352233158403696,0.4,0.5,1.8,0.071,25.598166748209998,16.0,0.99462,3.21,0.9890232831388753,14.189324278056905,1
10.270041210199192,0.38,0.44,1.9,0.098,24.531291788316075,15.0,0.9956,3.3,0.7156105559857637,12.486906516457143,1
13.085221272835525,0.29,0.65,2.4,0.075,13.61898913141563,17.0,0.99565,3.22,0.7193404055262513,11.466749437106502,1
12.406557104512034,0.74,0.09,2.0,0.067,16.40287336363278,10.0,0.99418,3.28,0.6287835295070687,12.24132144141278,1
10.439455520070048,0.61,0.18,2.4,0.083,25.236132467038146,20.0,0.9963,3.29,0.583702454649103,10.93073543465537,1
8.453325147919058,0.52,0.08,2.4,0.07,18.830002278150516,26.0,0.99358,3.4,0.9660461474060719,11.912508158044773,1
14.768765987577723,0.31,0.53,2.2,0.06,14.545721992600585,10.0,0.99572,3.02,1.2620002896909814,12.360537801409816,1
14.937063646720484,0.31,0.53,2.2,0.06,8.632746163157424,10.0,0.99572,3.02,0.9137734358909545,11.557529663624345,1
11.856558686055063,0.62,0.35,2.8,0.086,31.75772256822453,52.0,0.997,3.31,0.6633265340435505,10.467004575254812,0
10.007381644663612,0.33,0.45,1.5,0.057,27.77301832166563,37.0,0.99498,3.18,0.924535557639474,10.718769278153557,1
7.006895951575054,0.77,0.2,8.1,0.098,32.61467563618629,92.0,0.99892,3.2,0.6234299626020262,10.990887573166898,0
7.8223483554657545,0.35,0.26,1.8,0.083,40.272604275826254,75.0,0.9968,3.4,0.9393254633774607,10.027877982995754,1
10.372963315733292,0.62,0.33,2.7,0.088,15.707493304108366,37.0,0.9972,3.31,0.6181756134330227,12.56734972007401,1
9.114565897474009,0.77,0.2,8.1,0.098,36.77822868519939,92.0,0.99892,3.2,0.6362401375335662,11.392850168322761,0
10.205274428058326,0.25,0.34,2.0,0.071,57.12031185981657,67.0,0.99769,3.44,0.8274066213489992,11.92420604827665,1
12.073558734372824,0.32,0.56,2.0,0.073,6.441278370389112,8.0,0.99534,3.15,0.9054259970463826,11.797765329879121,1
7.944226404594292,0.37,0.65,6.4,0.08,11.44588012784616,8.0,0.99817,3.27,0.7064888796565845,9.72303430569092,0
10.189508531449764,0.37,0.65,6.4,0.08,12.534161897334847,8.0,0.99817,3.27,0.5613977920398713,12.119374077462556,0
10.850751044443285,0.3,0.68,8.3,0.05,49.6549943780614,278.0,0.99316,3.01,0.5245329050080545,14.935674171262763,1
12.458006211486376,0.27,0.56,1.4,0.047,10.250312689403916,8.0,0.99471,3.16,0.8534799081139833,12.622362818254803,1
10.256483081413581,0.3,0.68,8.3,0.05,54.95479148318404,289.0,0.99316,3.01,0.6500409380515186,11.45614855168503,1
10.817820961113107,0.38,0.3,1.8,0.073,21.787372718550987,70.0,0.99685,3.42,0.7393946910726459,9.777177157212725,1
10.000747590692225,0.42,0.45,2.4,0.072,64.95161031175206,59.0,0.99617,3.33,0.9199328322819357,12.695895189777401,1
7.68320066492058,0.38,0.3,1.8,0.073,32.07836884502089,70.0,0.99685,3.42,0.9147245734443767,9.416461408247244,1
9.849725263415447,0.48,0.08,1.8,0.074,51.743743947318876,64.0,0.99529,3.12,0.4838686800071388,8.266675965457786,0
11.5241041095234,0.34,0.4,4.7,0.055,3.5149082543418,9.0,0.99738,3.38,0.741852137793559,12.36911295053627,1
10.070508717989087,0.19,0.42,1.6,0.057,31.759442439141946,30.0,0.994,3.29,0.8026929582023432,11.383400328273602,1
12.769499967583311,0.41,0.54,1.5,0.095,32.682490975167944,41.0,0.99735,3.02,0.6622045312813872,12.26381409398372,1
12.9947987387344,0.41,0.54,1.5,0.095,24.92287298143996,41.0,0.99735,3.02,0.771371678589843,10.838668555737303,1
9.614489305669785,0.26,0.54,1.9,0.083,59.347855236094425,74.0,0.99451,2.98,0.9075405345404013,13.052866071513337,1
10.843074739315561,0.34,0.42,2.0,0.086,14.996080345812445,19.0,0.99546,3.35,0.8386947785573322,12.151009071421134,1
9.893912836299501,0.54,0.09,2.0,0.081,22.947297262614132,16.0,0.99479,3.43,0.8526770842100785,12.432444899503395,1
8.765864248590695,0.31,0.36,2.2,0.079,11.693217152847264,31.0,0.99615,3.33,0.9157216602101971,11.443892635784271,1
9.201381875924902,0.725,0.09,5.5,0.117,17.109653962643776,17.0,0.99655,3.35,0.56245470882246,10.765756856514468,1
11.355740977450552,0.4,0.47,2.5,0.087,31.13288916719366,20.0,0.99772,3.15,0.39313391857353464,12.28061518253273,0
6.5693927658435625,0.725,0.09,5.5,0.117,25.426342048687523,17.0,0.99655,3.35,0.7519811112270713,11.831107530095013,1
8.313067046703326,0.52,0.38,1.5,0.096,15.942334687199343,18.0,0.99666,3.2,0.8043177546634339,9.912793342654464,0
9.913107259462809,0.31,0.45,2.1,0.216,9.611499716795496,16.0,0.99358,3.15,1.0925913189935628,13.767011610483262,1
9.438924119760099,0.52,0.38,1.5,0.096,13.932961800235722,18.0,0.99666,3.2,0.8731293143631603,10.68379857604474,0
12.327842048800367,0.34,0.42,2.1,0.072,33.02138259112698,36.0,0.99392,3.11,0.9728458658652908,14.949839560840005,1
10.119729500564208,0.49,0.27,2.1,0.071,26.127325531497775,25.0,0.99388,3.35,0.9767274538254744,12.991553678573307,1
8.152673355531629,0.48,0.09,1.7,0.078,17.35849524086099,30.0,0.99402,3.45,0.6484201072858002,11.146710162527034,1
9.521461796868934,0.49,0.27,2.1,0.071,27.961447328909852,25.0,0.99388,3.35,0.5259891117708811,12.753898872536325,1
11.246611412625565,0.48,0.34,2.2,0.073,15.250273702741072,25.0,0.9936,3.28,0.9123246559102036,13.770504459612344,1
8.871972680690117,0.57,0.28,2.1,0.048,35.01759153775422,49.0,0.99374,3.41,0.49098814585994616,14.501367290320951,0
10.288990259293529,0.23,0.42,1.9,0.069,10.911042875982584,17.0,0.99376,3.21,0.6986859319358214,11.775664377656327,1
9.127493754618062,0.3,0.41,2.0,0.068,20.850348604250737,24.0,0.99523,3.27,1.1151528254549858,12.768827686485336,1
13.757792724718986,0.78,0.1,3.3,0.09,20.779284850669015,13.0,0.99855,3.36,0.6695768869692493,9.587593674367854,0
10.656279104925098,0.47,0.43,2.1,0.171,33.25617767929934,66.0,0.9982,3.17,1.2045480650052873,11.169461047152527,1
9.257543447444037,0.53,0.0,1.4,0.07,17.21830930681155,14.0,0.99593,3.25,0.5090146349629062,11.573641159076448,1
4.48804400685477,0.42,0.27,2.0,0.092,43.3779050036099,55.0,0.99471,3.78,0.7643692138093934,13.78873636665675,1
10.043356646859872,0.33,0.41,1.5,0.056,19.091120653922328,35.0,0.99396,3.29,0.8479726422259422,11.274385990719306,1
10.503355315291952,0.24,0.39,1.6,0.074,14.343417893534514,10.0,0.99698,3.12,0.5433377367683746,10.217968365577363,1
7.458813045851564,0.4,0.5,4.3,0.046,23.26962982363587,80.0,0.9902,3.49,0.6391529751842944,13.995506073254836,1
5.970572440663479,0.69,0.07,2.5,0.091,15.554620511954118,21.0,0.99572,3.38,0.621001425122966,14.617809371660403,1
9.943017822422465,0.69,0.07,2.5,0.091,32.128884671905666,21.0,0.99572,3.38,0.5864872705291055,12.38984388477656,1
7.268218810802393,0.69,0.07,2.5,0.091,28.137541302937255,21.0,0.99572,3.38,0.7209609061031537,11.436847411576254,1
8.285331131306709,0.39,0.12,2.1,0.065,28.40544595362026,24.0,0.99252,3.3,0.5838401764531721,15.279726597887148,1
8.290441299281474,0.66,0.0,2.5,0.066,20.68520689513048,15.0,0.99256,3.52,0.7587157356516323,14.909816122293103,0
9.656789423935342,0.54,0.34,2.5,0.076,27.160970167562393,17.0,0.99235,3.2,0.9436719810959905,15.47999438031825,1
8.455232225096212,0.5,0.0,1.8,0.062,27.180698178306127,28.0,0.99352,3.44,0.7644980590729081,14.932619808320451,1
8.806034895192498,0.47,0.0,1.4,0.055,36.376484362881136,33.0,0.9922,3.45,0.5599901748145673,13.755885111767004,1
12.6901296980581,0.4,0.37,1.9,0.081,16.760049579572133,29.0,0.99674,3.12,0.8241820674461023,11.754273536040209,1
7.417755683932691,0.58,0.0,2.2,0.096,0.6734721088827875,13.0,0.99557,3.62,0.8959748445260897,12.179796368858211,0
9.96100602550033,0.24,0.35,1.7,0.055,7.613096853673023,27.0,0.99394,3.14,0.7860266287798314,11.903529921173602,1
7.487998004334516,0.29,0.26,1.7,0.063,3.9609662610602436,11.0,0.9915,3.39,0.9276933389604805,14.008318860838251,1
6.44547752078188,0.76,0.0,2.9,0.072,47.36015781213132,52.0,0.99379,3.51,0.8687945384430447,13.409622432731364,1
12.780194662250087,0.43,0.33,2.7,0.095,23.374710487345265,89.0,0.9984,3.22,1.0486311777448267,10.853148663198875,0
12.294936491415754,0.43,0.35,3.3,0.092,29.828098331749068,70.0,0.99798,3.21,0.48762993909801405,12.180704297183814,1
10.597031202311971,0.6,0.0,1.9,0.058,2.5469231197564106,10.0,0.9977,3.18,0.7787154055064627,11.829287474288467,1
8.953878149149869,0.19,0.21,1.7,0.045,60.339099985620756,135.0,0.99341,3.32,0.5316785278101033,9.415893283209956,0
8.625573516940381,0.36,0.34,1.8,0.075,27.788144539691316,38.0,0.9933,3.38,0.9986576343956487,12.988582457976394,1
8.338787033309151,0.48,0.07,5.5,0.089,12.50946803122395,18.0,0.99684,3.37,0.7064485916765207,10.998236758863916,1
9.217848769169294,0.28,0.35,1.7,0.061,23.48657800189475,15.0,0.99524,3.3,0.9293324346117159,12.288752351031073,1
9.870727219391778,0.25,0.43,1.7,0.067,43.20464712171996,50.0,0.9946,3.38,0.49038235416695,12.867053346907213,1
12.222510132855827,0.52,0.45,2.0,0.08,-4.4525899086271075,13.0,0.99774,3.22,0.9503138749365855,11.699835951756345,1
10.864825079834594,0.52,0.45,2.0,0.08,8.652759988128675,13.0,0.99774,3.22,0.7909572332332067,12.851921053324935,1
8.64537119105767,0.41,0.15,3.7,0.104,37.86303428184556,94.0,0.99786,3.14,0.6477504358599124,9.50266446138912,0
8.674132189584146,0.51,0.24,2.0,0.079,33.79161426264473,86.0,0.99764,3.34,0.8350688720752932,10.571599034907663,1
7.711081958740147,0.4,0.3,1.7,0.08,37.56695243925533,79.0,0.9969,3.41,0.7962882834397631,10.45277645371832,1
7.183342058056798,0.38,0.32,2.5,0.08,32.20130368502668,71.0,0.99624,3.27,1.1285231440075791,13.331197360518846,1
7.971247460499846,0.45,0.11,2.4,0.043,4.688344641476348,12.0,0.99354,3.3,0.654135494889707,11.421107954781737,1
6.021903254310135,0.22,0.3,1.8,0.065,11.541497401977852,20.0,0.99672,3.61,0.9446614465975478,12.73528657153908,1
8.048231704536184,0.32,0.23,2.3,0.066,55.46328616368554,70.0,0.99588,3.43,0.8761281809564461,10.44583056920562,0
8.739468740842911,0.2,0.43,2.5,0.076,24.104079811990857,51.0,0.99672,3.53,0.9945862857457051,10.110089916766922,1
10.658037543511648,0.5,0.12,1.8,0.178,33.85430185662558,21.0,0.996,3.28,1.0633185408203971,10.467606646826477,1
9.979197650977866,0.41,0.45,6.2,0.071,20.436283547375943,14.0,0.99702,3.21,0.7758623822168351,15.414863066579407,1
8.132638004894625,0.39,0.42,2.0,0.086,23.05822565996742,21.0,0.99526,3.39,0.7405168392807573,13.215727023925457,1
10.861460835283529,0.35,0.47,2.0,0.061,19.183719650406964,11.0,0.99585,3.23,0.5719598725529564,13.36658150392194,1
8.784808274008844,0.33,0.32,2.8,0.067,10.253620007436222,12.0,0.99473,3.3,0.9737014409816426,14.330457953447787,1
9.400080643598084,0.58,0.23,2.5,0.044,27.649138156731873,70.0,0.99352,3.46,0.7653418397925668,12.69642942042053,1
8.106992685576545,0.6,0.25,2.2,0.118,15.78741437160558,38.0,0.99616,3.15,0.8177826534686362,10.930498003187314,0
10.46441323348989,0.42,0.35,2.1,0.083,29.996312205747287,38.0,0.99622,3.23,0.8457489264385093,11.954667361740318,1
8.4554031206608,0.58,0.0,2.2,0.1,58.08623248846147,63.0,0.99544,3.59,0.731075750838934,13.794825095420649,1
10.92025711383487,0.6,0.25,2.2,0.118,9.415492638873683,38.0,0.99616,3.15,0.7114923471331244,10.559874084588786,0
9.363247316078779,0.18,0.51,1.75,0.071,46.08306460007506,88.0,0.99524,3.33,0.7731944688245935,12.330040425054401,1
3.821200132710671,0.51,0.18,2.1,0.042,16.131610738562138,101.0,0.9924,3.46,1.134014371319363,12.759502899772592,1
7.8838003284718,0.41,0.43,2.8,0.076,38.492744822356606,54.0,0.99572,3.42,1.1061439296638218,11.571901185199788,1
13.476086496007788,0.41,0.43,2.2,0.11,14.201254786408228,37.0,0.99728,3.16,0.9713244584648519,11.90228548309694,0
12.38592941938145,0.36,0.57,2.3,0.087,-1.6325937900858278,20.0,0.99676,3.14,0.8991182302579358,10.928139202412238,1
10.522178070257755,0.45,0.43,1.4,0.076,23.68892136502248,21.0,0.99551,3.21,0.8632901973367605,11.438871475174302,1
8.412223685511591,0.32,0.42,2.3,0.075,33.041798726424304,19.0,0.99434,3.14,0.9491179567463139,12.851327552884952,1
8.769239843304037,0.785,0.24,1.7,0.078,24.83738278346221,21.0,0.99692,3.29,0.8749443317008142,11.716531099292977,0
10.418006852909983,0.785,0.24,1.7,0.078,13.319438219204304,21.0,0.99692,3.29,0.9860127686624056,11.886119185888635,0
7.906106582630869,0.44,0.5,1.9,0.369,10.08948587452162,38.0,0.99634,3.01,1.414748931768373,10.332910374953284,0
12.381218565285709,0.54,0.26,2.0,0.111,14.244553226121223,60.0,0.99709,2.94,1.1633781349753562,10.16899769749023,0
8.413602921175878,0.33,0.39,2.5,0.074,36.03572016926103,48.0,0.99528,3.32,0.8973886106919922,12.544400872542498,1
7.858532493944841,0.34,0.27,2.8,0.067,8.257741528679453,44.0,0.99384,3.21,0.6221739396028866,14.354807925973832,1
6.36623558323014,0.5,0.29,2.3,0.086,17.979274917989724,14.0,0.99502,3.32,0.745889865903312,12.493619410590165,1
10.044359467927118,0.36,0.34,1.6,0.062,28.820928026485554,12.0,0.99667,3.2,0.9522930854112946,12.841189646108207,1
6.841119108565123,0.59,0.0,2.2,0.078,36.228215268879396,44.0,0.99522,3.42,0.7537170312023809,12.077611658449714,1
7.858677239232715,0.42,0.46,2.1,0.074,14.711010627949864,16.0,0.99649,3.27,0.825032766724187,13.795119372537247,1
9.74759646790222,0.36,0.31,1.7,0.079,26.525283569999555,65.0,0.99716,3.46,1.0062522495845685,11.152827926389564,1
11.278810519280142,0.36,0.31,1.7,0.079,46.061867292593014,65.0,0.99716,3.46,0.7414621231605815,9.309766559385611,1
9.46609490076553,0.61,0.0,2.2,0.095,55.739309751689106,59.0,0.99541,3.61,0.7495323952171973,12.614220036372844,1
8.84238837473691,0.88,0.03,5.6,0.079,26.523288352581353,47.0,0.99572,3.58,0.7409231216590854,10.997950363108,0
7.9160571818871714,0.66,0.0,2.4,0.052,14.90107805164853,11.0,0.99318,3.35,0.7879934614673394,13.309636583237081,1
8.115383062293922,0.915,0.0,2.1,0.041,29.31755727939995,78.0,0.99346,3.68,0.6771681780444342,12.798300487957418,0
11.297554092874572,0.35,0.33,2.4,0.076,20.533097597481294,47.0,0.99599,3.27,1.086759345423678,10.978401995309996,1
9.783453041606302,0.35,0.33,2.4,0.076,29.461368654554505,47.0,0.99599,3.27,0.8443028805626628,12.329388188731032,1
9.54320894622252,0.39,0.43,1.65,0.068,16.58124774511316,11.0,0.99478,3.19,0.6015160341814036,10.975123462712707,0
10.89729612361558,0.4,0.4,2.5,0.068,46.992064846149106,54.0,0.99754,3.38,0.9863655393760546,12.327253163141368,1
10.564523923903394,0.66,0.07,1.6,0.07,27.725352422123883,61.0,0.99572,3.29,0.7668085876041011,9.586078733362955,0
7.988767617727939,0.64,0.23,2.1,0.08,23.549151580422347,119.0,0.99538,3.36,0.5384837051931778,10.876881472085472,0
3.7619011004131924,0.43,0.3,2.0,0.085,3.519889089942847,39.0,0.99346,3.33,0.5501642232613053,11.528844251010263,1
5.9468472671361114,0.8,0.03,7.8,0.079,23.98661420131538,12.0,0.9963,3.52,0.7881397697450732,12.558615187018614,0
7.801672195081797,0.43,0.3,2.0,0.085,11.850122955554596,39.0,0.99346,3.33,0.7672070620022244,11.126230016339363,1
9.535654261568212,0.64,0.23,2.1,0.08,17.064186267607138,119.0,0.99538,3.36,0.7011810728812253,11.285005117909304,0
9.812451196762918,0.955,0.05,1.8,0.075,19.655734190375874,19.0,0.99616,3.3,0.7004438457025222,11.389884209125347,0
11.961570712255146,0.4,0.57,4.6,0.08,20.620497998358427,20.0,0.99652,3.28,0.602351457397912,13.191650998148875,1
7.159997585303008,0.885,0.0,2.3,0.166,8.50347807956415,12.0,0.99551,3.56,0.5948169180338496,10.6486593326831,0
5.856859071950004,0.25,0.37,2.5,0.063,26.086907141542266,41.0,0.99439,3.52,0.8919427057250937,13.445431250620839,1
7.1081927958063895,0.885,0.0,2.3,0.166,9.678225065431683,12.0,0.99551,3.56,0.6603599742323782,11.770094911896782,0
8.873343032221188,0.745,0.12,1.8,0.114,38.594541325050066,64.0,0.99588,3.22,0.8613964664470607,12.020610711435708,1
7.957741685518496,0.43,0.22,1.8,0.078,22.437694339454545,56.0,0.99633,3.52,0.7714847241109242,11.026650670073007,1
7.544666269634743,0.58,0.23,2.3,0.076,33.372103047988006,94.0,0.99686,3.21,0.6985014126937851,10.613066879239017,1
8.603703923381383,0.57,0.21,1.5,0.069,5.824103787677188,9.0,0.99458,3.16,0.8067783880208024,11.424134129478947,1
12.832298199514664,0.26,0.26,2.0,0.052,45.96792171733807,77.0,0.9951,3.15,0.8167602173583955,11.637969627099103,1
7.575085204320431,0.58,0.23,2.3,0.076,21.00988447531234,94.0,0.99686,3.21,0.7051344671809502,10.288241759769331,1
10.01318351002349,0.57,0.21,1.5,0.069,16.756058892156666,9.0,0.99458,3.16,0.8106390783559315,12.066837186747597,1
6.3724655832320085,0.34,0.36,1.9,0.065,7.218302940499214,10.0,0.99419,3.27,0.7473824614632105,10.658147228335846,1
11.196032866811791,0.42,0.39,1.8,0.068,11.404908364843745,12.0,0.99516,3.35,0.7623721606420544,13.377740588957067,1
10.049977493358986,0.74,0.19,5.8,0.111,45.163387122025384,76.0,0.99878,3.14,0.48044019826662376,10.15808055828952,0
9.15293656323777,0.36,0.46,2.1,0.074,42.61560192813228,44.0,0.99534,3.4,1.0277596900740675,11.60402940413299,1
6.7939406784971395,0.36,0.46,2.1,0.074,45.95291186856579,44.0,0.99534,3.4,0.7715284114893818,11.381171447339806,1
8.997999246105993,0.36,0.46,2.1,0.074,19.506752042804457,44.0,0.99534,3.4,0.9567892120820273,11.98354640298784,1
10.02723890699731,0.72,0.55,1.7,0.136,34.608701444416596,52.0,0.99752,3.35,1.2354775694698499,10.815423712430608,0
7.596902847584484,0.36,0.46,2.1,0.074,44.581351326107665,44.0,0.99534,3.4,1.0665293882152154,11.49898615375818,1
8.208509221220838,0.39,0.43,2.0,0.071,8.265232005937953,24.0,0.99428,3.45,0.7311868048334054,11.453494401394071,1
7.593402999837773,0.65,0.02,2.1,0.078,18.998926133072537,15.0,0.99498,3.35,0.7827879269161048,9.628174948771044,1
8.522701645680955,0.44,0.15,2.1,0.076,30.350688097361058,53.0,0.9957,3.32,0.7123243611118327,9.535466716697648,0
7.927058560712898,0.65,0.02,2.1,0.078,19.83706353501763,15.0,0.99498,3.35,0.5828823921134186,10.815785001711447,1
11.086887454435368,0.38,0.42,1.9,0.071,6.90538850918311,13.0,0.99659,3.15,0.9310363420319113,11.481463706258898,1
12.21282778771964,0.33,0.46,1.9,0.081,2.3546869423062713,9.0,0.99628,3.1,0.5489231856731644,12.92613165562775,1
9.705344380449851,0.27,0.46,2.1,0.095,12.359010769988462,29.0,0.99488,3.26,0.6297644569697128,11.62741042766562,1
7.905502162438502,0.57,0.31,2.0,0.079,26.538629108661375,79.0,0.99677,3.29,0.8424267943580166,9.479768638777664,1
8.8514315134585,0.34,0.37,1.9,0.057,60.60694739184679,74.0,0.99408,3.23,0.8607321465478612,12.243401807991205,1
11.257558995028674,0.4,0.31,1.9,0.082,18.901034586215502,24.0,0.996,3.24,0.8385878973018973,11.583265703621512,1
10.554691877663132,0.39,0.4,1.3,0.044,28.898305109525936,50.0,0.99478,3.2,0.8851474157066436,12.254365847102495,1
11.116037385362349,0.32,0.52,1.8,0.132,11.786273723962363,44.0,0.99734,3.28,0.8325872030194432,12.973473171047472,1
12.852201611917335,0.32,0.52,1.8,0.132,30.08227114867387,44.0,0.99734,3.28,1.0402524045827997,13.058183330241162,1
10.145183087029636,0.53,0.22,2.2,0.078,32.15666630577874,89.0,0.99678,3.26,0.744049169852715,11.278836158720301,1
12.617171835543253,0.36,0.47,2.2,0.074,11.415889361923771,23.0,0.99638,3.23,0.6639025271945203,12.614776264227645,1
12.630870055066366,0.39,0.49,2.5,0.08,11.459683699785382,20.0,0.9992,3.07,1.0569128327074664,12.902906013318884,1
9.64239029636242,0.46,0.23,2.6,0.091,24.71512600156212,77.0,0.99922,3.15,0.835262333172943,9.950081815830847,0
7.950137169180013,0.58,0.03,4.1,0.08,29.016379796458153,46.0,0.99592,3.02,0.8167945759934787,10.145750631547529,0
9.890538853031046,0.58,0.25,2.0,0.104,16.6481127731249,21.0,0.99769,3.27,0.9261719801318606,11.557270787132632,0
7.243525221719863,0.42,0.0,1.8,0.044,21.164671951850046,88.0,0.99157,3.68,0.7222165299991112,14.935430697376768,1
9.405426072904186,0.43,0.29,2.1,0.075,33.237303457939625,66.0,0.99718,3.4,0.8610345032296478,8.44213588068326,0
9.615508144586487,0.18,0.34,2.7,0.066,31.996189516699353,58.0,0.9947,3.37,0.7977301106846965,12.657338802793236,1
11.078859249268138,0.815,0.01,2.6,0.074,57.276424319192316,90.0,0.99621,3.38,0.7090975921362203,12.387388383283009,0
9.95241742742434,0.43,0.29,2.1,0.075,31.239440845011117,66.0,0.99718,3.4,0.8275536631725131,9.20717988622183,0
11.395364824753987,0.23,0.37,2.2,0.057,40.09061011387358,36.0,0.99614,3.23,0.5164757227582857,10.792525246034211,0
6.843870557613384,0.75,0.01,2.2,0.059,9.555634271784196,18.0,0.99242,3.39,0.38014730095776217,13.985153590119813,1
6.397600922039923,0.33,0.32,12.9,0.054,4.046309610533328,113.0,0.99572,3.3,0.7587670463849214,13.361866608778307,0
8.82835407068622,0.55,0.0,1.7,0.07,21.183955284499266,17.0,0.99659,3.26,1.0288116117445094,9.662639042213044,1
9.647752966201963,0.75,0.01,2.2,0.059,35.6570404789384,18.0,0.99242,3.39,0.7041951006979332,14.501567127852903,1
9.454807030630613,0.73,0.0,2.5,0.081,18.188240897216787,24.0,0.99798,3.38,0.6915039790606433,10.58860553351835,0
6.978876765680912,0.67,0.0,4.3,0.057,33.818488016158085,20.0,0.99488,3.45,0.8283885961884415,14.158152111030123,0
7.872047370564832,0.61,0.2,1.7,0.076,45.1750950444577,60.0,0.99494,3.1,0.6220839083065122,12.527736545586405,0
11.095963163802423,0.37,0.39,2.5,0.079,30.67037529674706,65.0,0.99729,3.16,0.7866145668753549,11.964013168731816,0
11.632520308706665,0.4,0.41,2.0,0.058,15.077887260690886,40.0,0.99414,3.22,0.8574631803090131,13.462192607663594,1
11.908971338786268,0.56,0.22,2.4,0.082,23.635137493324947,86.0,0.9983,3.37,0.5700479078987593,12.331269038230975,0
7.006266695769555,0.29,0.25,13.4,0.067,72.71163319988156,160.0,0.99721,3.33,0.7026569041370455,11.667019653767774,1
8.730555304672492,0.55,0.19,1.8,0.082,24.04826040253071,34.0,0.99655,3.49,0.8046285549171831,10.578479415095233,0
7.102005506492339,0.74,0.07,1.7,0.086,36.61875975322487,48.0,0.99502,3.12,0.6263052481428267,10.819052233437727,0
11.493933888261889,0.55,0.19,1.8,0.082,20.800948724092237,34.0,0.99655,3.49,0.7530409352012657,12.001885551021445,0
6.341452347942149,0.41,0.33,2.2,0.081,41.3639218675217,36.0,0.9949,3.41,0.9561866416569249,12.656688119667068,1
10.124858604206235,0.6,0.01,2.3,0.079,22.20467313648882,37.0,0.99514,3.4,0.6346899785166508,10.793207414230633,1
7.984008988366408,0.6,0.01,2.3,0.079,27.900307169940763,37.0,0.99514,3.4,0.6732118743756599,10.820260539571091,1
8.058033217994568,0.58,0.14,2.2,0.077,23.59296766117732,60.0,0.9963,3.28,0.6369358163298404,10.361555794700992,0
6.9467785488068134,0.72,0.0,1.8,0.123,14.978971596462355,14.0,0.99627,3.45,0.8327615716806063,11.108250705432978,0
12.649778518495264,0.66,0.0,1.4,0.096,20.8959177426949,13.0,0.99569,3.43,0.7140158111767236,10.917391209760458,0
9.501387654331067,0.7,0.06,1.9,0.079,28.997300566618613,35.0,0.99628,3.4,0.7631141452589739,11.873001497403852,0
7.522518087054182,0.64,0.02,2.4,0.069,44.63623456552956,46.0,0.99358,3.47,0.534966431918929,11.141155144940527,0
10.127986211610235,0.59,0.22,1.8,0.082,45.098899611444935,60.0,0.99499,3.1,0.5561318169620422,11.533337094193337,0
7.486347084653083,0.58,0.28,4.8,0.085,22.253822036325232,69.0,0.99633,3.32,1.0555815603636565,10.938568047586495,1
8.195448243187062,0.64,0.0,2.7,0.123,18.95419603843954,33.0,0.99538,3.44,0.597926521739391,13.262823915325631,1
8.271346575738612,0.64,0.0,2.7,0.123,26.394680660516762,33.0,0.99538,3.44,0.857208511183786,12.782406082987599,1
9.279521015353238,0.635,0.68,1.8,0.403,31.583452067634422,56.0,0.99632,3.02,1.3495927514336588,11.244060969660387,0
9.363825408707257,1.02,0.0,2.0,0.083,30.241688103860838,24.0,0.99437,3.59,0.5658705454534553,11.673639543428603,0
10.88831834186384,0.45,0.38,2.5,0.081,33.40925771270061,66.0,0.99726,3.15,0.9145217923565103,10.530916502023436,0
7.429555054752894,0.78,0.0,2.2,0.089,13.92261846547673,26.0,0.9978,3.37,0.6687350239767089,10.499459720611025,0
9.472928294861036,0.37,0.32,1.8,0.066,28.474557592177874,51.0,0.99456,3.38,0.7867541127378596,12.246388745847732,1
8.93995230880377,0.57,0.05,2.3,0.081,22.369141480047663,36.0,0.99564,3.38,0.483458754319487,11.344574570619361,1
7.3483508306671785,0.57,0.05,2.3,0.081,25.09771235475381,36.0,0.99564,3.38,0.7666791739109514,12.498761619215614,1
10.658246658378122,0.43,0.5,2.3,0.068,27.29350426643623,19.0,0.996,3.1,0.999537832534504,11.146939033502438,1
7.532005374481976,0.41,0.31,2.0,0.079,22.271129159063918,51.0,0.99668,3.47,0.5458351550293772,9.79223869599703,1
8.593908183549221,0.49,0.03,1.8,0.044,22.970595043323897,87.0,0.9908,3.5,0.8140856424570431,14.199710095800588,1
5.71432582284231,0.38,0.01,1.6,0.048,52.40765507483752,60.0,0.99084,3.7,1.003380371127796,14.772039280603712,1
10.68346135784042,0.44,0.2,1.6,0.049,22.899984615855956,64.0,0.9935,3.38,0.4404024342802944,12.436993304406304,1
6.4363266995492925,0.46,0.0,1.9,0.077,40.36658751193509,44.0,0.99385,3.5,0.7082240801118389,12.710958557979037,0
9.34558178728273,0.58,0.2,2.0,0.073,42.62977073102931,44.0,0.99494,3.1,0.5401880832333279,10.181284159512007,0
8.571315872841783,0.58,0.13,2.1,0.102,27.471082736034468,36.0,0.9944,3.24,0.7330225543463529,12.310752376744695,1
10.443222199585996,0.715,0.22,2.3,0.075,21.355150748306862,81.0,0.99688,3.24,0.6356961810323758,10.692224597599992,1
8.335258643965382,0.4,0.4,6.3,0.05,8.147720380868646,10.0,0.99566,3.28,0.7353753065126243,13.061749387462498,0
9.427588978324696,0.69,0.0,1.9,0.114,15.25070390306406,10.0,0.99636,3.35,0.634881167342828,11.152132409066075,1
9.551483129403435,0.715,0.22,2.3,0.075,17.69797275792648,81.0,0.99688,3.24,0.6689331222948622,10.248249215205277,1
10.3014471378437,0.3,0.39,1.7,0.062,21.127893424181487,9.0,0.9948,3.14,0.7719280884333277,13.756119207458088,1
8.261350962484107,0.46,0.2,1.9,0.077,41.12491129866056,54.0,0.9956,3.37,0.7960646518360982,13.419351566300445,1
10.62934840680063,0.46,0.2,1.9,0.077,41.38560441032642,54.0,0.9956,3.37,0.8271773150104382,11.854620029562518,1
9.48487750243981,0.765,0.0,2.0,0.084,13.124456126886038,22.0,0.99619,3.33,0.6897742742581852,11.946904299167842,1
9.114063325581615,0.63,0.28,2.7,0.096,23.390279455440577,69.0,0.99734,3.26,0.6855068149474378,11.58501176086573,1
6.714887423138002,0.42,0.19,2.3,0.071,16.427522019972947,36.0,0.99476,3.39,0.6178575001327486,10.813865852543838,0
13.396843070211528,0.37,0.5,1.8,0.09,25.414042882877673,47.0,0.99734,3.15,0.6681120289863933,11.506080111871007,0
8.765665405296646,0.16,0.44,2.5,0.068,16.6939281388788,31.0,0.99328,3.35,0.8598370066735138,12.62905492513198,1
10.360955433094682,0.6,0.08,2.6,0.056,22.356047803986186,7.0,0.99286,3.22,0.4575769668034155,14.28730676003271,0
6.356177766062786,0.6,0.3,4.5,0.068,28.79101562681631,110.0,0.99914,3.3,1.1505325356668497,10.433288011650433,0
6.76006236776928,0.6,0.3,4.5,0.068,29.79486784900094,110.0,0.99914,3.3,1.379055763316537,10.758599548301005,0
10.590338775425934,0.74,0.0,1.9,0.1,12.484071162016757,12.0,0.99521,3.36,0.9082179521899442,10.256615098935972,0
10.054395231502058,0.635,0.1,2.1,0.073,35.0214908067146,60.0,0.99638,3.29,0.7145782143675006,10.75230214762239,1
8.035838861042874,0.395,0.13,2.4,0.056,42.99453116180368,28.0,0.99362,3.62,1.073129737540207,13.555076071426592,1
7.551972376812207,0.755,0.0,1.9,0.084,11.856513985680747,12.0,0.99672,3.34,0.6819058491571024,9.81181318605456,0
8.22648249518945,0.635,0.1,2.1,0.073,27.925387625226314,60.0,0.99638,3.29,1.0258069475769027,12.659437624624273,1
9.373578494574513,0.63,0.0,4.3,0.093,63.80066422866476,77.5,0.99558,3.2,0.7845486890309011,9.539311122917892,0
9.439209463732293,0.63,0.0,4.3,0.093,38.232594880603486,77.5,0.99558,3.2,0.7174979668012417,10.738948968155238,0
7.07698181305183,0.53,0.14,2.1,0.064,23.903324000146206,29.0,0.99323,3.35,0.7306163395233185,12.303009138122079,1
5.310871246621682,0.6,0.0,1.4,0.063,16.257585322929824,18.0,0.99191,3.45,0.8607322512515833,13.381160179906104,1
8.841620397316568,1.58,0.0,2.1,0.137,5.064323555078097,9.0,0.99476,3.5,0.5701307340682134,10.444075584160444,0
5.479482935242931,0.645,0.0,2.15,0.08,27.617105523114333,28.0,0.99444,3.78,0.8934814012786847,12.96618014085907,1
6.950471499045757,0.86,0.07,2.0,0.1,28.819907441043593,57.0,0.99598,3.6,1.0383153989839964,11.831108413110138,1
8.749861008550296,0.37,0.32,2.1,0.064,-2.714658501090435,15.0,0.99576,3.3,0.7876739148629404,12.805519923668609,1
8.74040629568029,0.28,0.44,1.8,0.081,30.957885354016724,68.0,0.99501,3.36,0.9033172522852302,12.446628563616898,0
7.384529242534564,0.79,0.21,2.3,0.087,5.198709433689849,68.0,0.9955,3.12,0.5509400238968464,9.001720990625849,0
7.367118271219649,0.61,0.26,1.9,0.073,34.82224002405968,88.0,0.99612,3.3,0.6843450056312018,10.47931556605972,0
11.508500210834889,0.69,0.32,2.5,0.088,32.73881068491966,91.0,0.9979,3.29,0.7728400700594056,10.294106795180284,0
8.115992700514235,0.68,0.09,3.9,0.068,16.729843071201255,29.0,0.99524,3.41,0.6673992307884828,12.7626606942163,0
11.76825344422552,0.69,0.32,2.5,0.088,34.887856572323855,91.0,0.9979,3.29,0.9622041228761069,12.036551716430669,0
6.095976220297242,0.62,0.1,1.4,0.071,24.636016063451258,63.0,0.996,3.28,0.560307655669779,8.823482467746546,0
8.906639529218522,0.61,0.26,1.9,0.073,24.28018973162883,88.0,0.99612,3.3,0.4320462074800174,11.357326513170046,0
10.783984960448205,0.51,0.15,3.0,0.064,23.85922777084733,27.0,0.9929,3.33,0.4634406550964251,12.950646120461654,1
8.87434725311823,1.18,0.21,1.9,0.083,16.60527569040628,41.0,0.99532,3.34,0.7505875156127824,11.136913901003961,0
9.541651021480158,0.36,0.21,2.3,0.086,27.84380429814533,65.0,0.99558,3.4,0.5707231411534982,10.980031894508109,1
9.529474270476662,0.36,0.21,2.4,0.086,27.651439733639677,69.0,0.99556,3.4,0.6835308070242068,12.501252703466102,1
10.097992343174338,0.63,0.27,2.0,0.083,21.929402056907875,91.0,0.99616,3.26,0.700049301097991,9.79671797656338,1
7.025016294268921,0.74,0.0,1.2,0.041,21.295147222244154,46.0,0.99258,4.01,0.6054081653731744,14.064186640179573,1
12.081365230741877,0.44,0.46,2.2,0.091,12.453896279867108,41.0,0.99638,3.18,0.9410706514543256,11.753786649655773,1
9.86651708660276,0.63,0.27,2.0,0.083,27.89906276599259,91.0,0.99616,3.26,0.6983208934703927,9.594885772987823,1
11.377975246715753,0.76,0.68,1.7,0.414,21.113541146038663,64.0,0.99652,2.9,1.433367379790969,9.976800124876219,1
9.536450920331637,0.66,0.34,2.6,0.094,20.499393966761765,88.0,0.99796,3.26,0.8271842332786872,10.97105919677215,0
4.0147003855536,0.74,0.0,1.2,0.041,18.270007355008083,46.0,0.99258,4.01,0.8233463029311221,10.937886214705749,1
8.328926184627516,0.34,0.42,1.8,0.058,4.528921999411875,18.0,0.99392,3.18,0.5555630504399328,13.241129404372314,0
10.116577400067866,0.36,0.39,1.8,0.06,37.00349832147846,55.0,0.99495,3.18,1.0739781856602928,10.02886640445565,1
8.920143974934854,0.46,0.24,1.7,0.077,30.548230115650803,34.0,0.9948,3.39,0.9322138164599841,11.32811742976282,1
6.554567927322857,0.46,0.24,1.7,0.077,45.5201045307378,34.0,0.9948,3.39,0.542215427468408,12.584371463826285,1
9.379854305302207,0.46,0.24,1.7,0.077,17.632029752967913,34.0,0.9948,3.39,0.7733444791720638,13.335938653987643,1
7.393269488884055,0.46,0.24,1.7,0.077,24.619517977462998,34.0,0.9948,3.39,0.6942564290907882,11.143021689216287,1
7.20652962734356,0.52,0.11,1.8,0.073,20.292758838610546,38.0,0.9955,3.34,0.7504251546920155,8.930896157598987,0
7.6282828048327325,0.6,0.26,2.1,0.083,33.64729327629864,91.0,0.99616,3.29,0.5306198010273615,11.752770391087186,1
6.1676013823897256,0.6,0.26,2.1,0.083,21.12458303724239,91.0,0.99616,3.29,0.9164987025262604,11.390109496426792,1
9.512283442271936,0.87,0.26,3.8,0.107,29.568700285530603,67.0,0.99668,3.26,0.37756606996295516,9.635651480856223,0
12.178412613701688,0.39,0.1,1.7,0.075,24.475225540727315,25.0,0.99581,3.09,0.5324797242537249,10.027596906963781,1
10.405593077542338,0.775,0.22,2.2,0.079,17.71835836739395,48.0,0.9976,3.18,0.7044985565439362,9.840932807651342,0
6.01517470444974,0.835,0.0,2.0,0.166,19.72072480163894,11.0,0.99608,3.39,0.5625344749478305,10.558762305259117,0
9.079798651448403,0.58,0.02,2.4,0.069,33.74629750738736,40.0,0.99387,3.38,0.6812356244236286,13.72199292388763,1
5.129733215886481,0.5,0.0,1.4,0.057,23.117998336711736,26.0,0.99448,3.36,0.6157419768901082,9.86998735213755,0
5.708840784832069,0.5,0.0,1.4,0.057,21.90944660252572,26.0,0.99448,3.36,0.5961502630087733,9.977776906048936,0
7.060901283074602,0.5,0.0,1.4,0.057,20.09146210539746,26.0,0.99448,3.36,0.5864108326015731,10.899246275001705,0
9.063982861340945,0.51,0.02,1.7,0.084,21.24098756641048,31.0,0.99538,3.36,0.7920485404619007,10.088725511079042,1
7.487932111574545,0.51,0.02,1.7,0.084,28.590656652986244,31.0,0.99538,3.36,0.6221128838370805,11.032036057821625,1
8.50660988246638,0.51,0.02,1.7,0.084,14.703414127090277,31.0,0.99538,3.36,0.7189441314848488,9.923737254964157,1
9.989010352764389,0.54,0.02,1.7,0.085,26.278959477819992,31.0,0.99589,3.37,0.5769074141659273,11.344959392133982,1
10.07985746948248,0.51,0.02,1.7,0.084,12.007277311590208,31.0,0.99538,3.36,0.5604317630162767,9.699124888264867,1
14.636001989156618,0.42,0.48,2.6,0.077,8.049319782017713,20.0,0.99852,3.09,0.6269907236500358,12.611298017217766,0
12.252462482720194,0.44,0.24,2.3,0.063,18.109224162458723,28.0,0.99613,3.25,0.5979702393473774,9.931760901814057,1
8.620953307330241,0.59,0.01,2.1,0.056,-3.03472278605868,13.0,0.99472,3.52,0.6347452822611573,10.741350454771304,0
8.290989736715714,0.655,0.03,1.8,0.078,32.611138836086084,12.0,0.99587,3.34,0.6836304883322373,10.042541344061085,0
9.789795516774603,0.655,0.03,1.8,0.078,5.384450053643633,12.0,0.99587,3.34,0.49114773647450305,11.811311321320257,0
8.942955387811633,0.57,0.0,2.8,0.081,29.03265986778878,41.0,0.99518,3.41,0.5657117374574554,12.258849859130626,0
11.098183998656085,0.6,0.29,2.0,0.069,50.14391817194211,73.0,0.99654,3.34,0.7094132222156624,9.213695806029703,0
8.839721033855255,0.62,0.01,2.3,0.065,9.14722534111414,46.0,0.99332,3.32,0.6597394741925345,11.507474020606802,1
7.722497823147414,0.645,0.03,1.9,0.086,3.0988680042109493,57.0,0.9969,3.37,0.4346578617835385,10.815271270970173,0
7.560865158230898,0.645,0.03,1.9,0.086,18.644763580683485,57.0,0.9969,3.37,0.5551400269964434,13.060806386457775,0
8.457603340650063,0.58,0.03,2.3,0.077,8.047518779059931,28.0,0.99568,3.35,0.609678098222111,10.052043668412665,0
7.700290482332743,0.32,0.25,1.8,0.086,-5.6808538015833,32.0,0.99464,3.36,0.5522618589600428,10.15892268417023,0
6.546499383060805,0.34,0.25,1.8,0.084,14.752119972181726,28.0,0.99464,3.36,0.6739912821685643,12.254719650405317,0
9.282540340927271,0.43,0.24,2.5,0.078,37.101113021000444,67.0,0.99648,3.6,0.744139052532687,12.118699097571188,1
11.691128138028779,0.64,0.17,5.4,0.168,69.92725679603768,98.0,0.99736,3.28,0.8021207443770312,11.250252459699269,0
10.56323882015623,0.475,0.4,1.4,0.091,4.988943272954419,28.0,0.99704,3.07,0.784024374305961,10.265990271817877,1
11.403872027411314,0.54,0.31,2.3,0.112,5.986350644339176,38.0,0.99699,3.24,0.936452935980598,11.665886043015172,0
9.60098251888387,0.85,0.14,2.5,0.093,17.964615742318003,54.0,0.99724,3.36,0.6131219189934929,12.074155045621541,0
13.620584837011723,0.475,0.4,1.4,0.091,13.628863111555374,28.0,0.99704,3.07,0.6812486278021095,10.762385617320259,1
8.792944431194247,0.83,0.27,2.0,0.08,27.07809475289628,63.0,0.99652,3.29,0.6898228823305144,11.609975173713124,0
8.389433592036735,0.605,0.02,1.9,0.096,30.17193577500403,31.0,0.995,3.46,0.8505827109785843,12.982692631544024,1
9.373255261259018,0.5,0.09,2.2,0.115,28.53103947763131,42.0,0.9971,3.18,0.5686321567848047,9.466214860664376,0
8.272738139265515,0.74,0.08,1.7,0.094,20.682277707611036,45.0,0.99576,3.24,0.6088925518430428,10.638623086099296,0
6.174949943115144,0.54,0.3,2.2,0.088,24.05843572696705,105.0,0.99725,3.25,1.2327801415123452,12.189197350207097,1
9.067062175614328,0.77,0.32,2.1,0.079,19.00839608319318,74.0,0.99656,3.27,0.654976978667028,11.223234172447214,1
6.019959154562439,0.61,0.0,1.6,0.069,13.777277692849701,8.0,0.99396,3.33,0.506964070035407,11.218217098339938,0
11.002694750388358,0.78,0.51,1.7,0.415,10.399260093018224,66.0,0.99623,3.0,1.488046793018127,8.43978310672497,0
6.294402089071534,0.58,0.56,3.1,0.153,13.892684848768994,14.0,0.99476,3.21,1.1509052884614512,10.921390146267985,1
11.525666136659419,0.78,0.51,1.7,0.415,21.109932271558527,66.0,0.99623,3.0,1.4920339838360515,8.702712114259201,0
9.691205500948687,0.75,0.27,3.8,0.11,56.77911400597925,89.0,0.99664,3.24,0.542876218691003,9.71736469575171,0
8.79653411304035,0.815,0.0,1.2,0.267,22.451968236180438,29.0,0.99471,3.32,0.7712416991073414,10.331028231453654,0
5.5782595007443065,0.56,0.26,2.0,0.083,22.121615348536153,100.0,0.99586,3.26,0.6866135670667949,9.494695585450762,0
9.135178437062125,0.885,0.2,1.4,0.086,17.351048459156825,31.0,0.9946,3.11,0.8301877028463791,11.724261054490762,0
8.199649085195311,0.49,0.26,2.3,0.09,27.56213205804645,74.0,0.9953,3.71,0.5553141211077885,11.975127876249813,1
7.870519900229124,0.45,0.15,2.0,0.078,11.652765610627405,28.0,0.99609,3.29,0.48777997854400273,9.584085793367011,1
7.3912690224904365,0.57,0.02,2.6,0.077,30.236741841501136,35.0,0.99557,3.36,1.0039837926499917,11.727758051458814,1
8.006073887880993,0.57,0.02,2.6,0.077,11.159685233616507,35.0,0.99557,3.36,0.6561707426835028,12.482821356815501,1
8.097774720591865,0.83,0.09,1.8,0.074,1.2559403975310435,25.0,0.99534,3.38,0.49477650835468623,12.204367628473312,0
8.207022689380274,0.6,0.22,2.1,0.08,39.06067169469408,105.0,0.99613,3.3,0.5068525757249666,11.249173569117564,0
11.111432766528695,0.6,0.22,2.1,0.08,43.056865567485055,105.0,0.99613,3.3,0.781341267923693,12.099392718344195,0
8.402803135807208,0.755,0.15,1.8,0.107,24.590672874895183,84.0,0.99593,3.19,0.46562973242247263,9.31921448059192,0
8.619037257560763,0.81,0.25,3.4,0.076,38.7191752334072,85.0,0.99668,3.19,0.5586499849326791,11.893785357741505,0
6.980265515947967,0.64,0.07,1.8,0.1,18.732485282952254,23.0,0.9961,3.3,0.6795857814934948,8.865555159021921,0
9.467651615126652,0.64,0.07,1.8,0.1,10.444725487660838,23.0,0.9961,3.3,0.8561628843584217,10.022993938013691,0
8.635921443242644,0.64,0.31,6.1,0.083,8.82665703915433,49.0,0.99718,3.35,0.7391670672407689,11.630509437314846,0
6.989427446705248,0.48,0.02,2.2,0.08,51.72866680770262,111.0,0.99524,3.1,0.7219188641457568,9.184031877112325,0
4.27794566464628,0.49,0.0,2.3,0.068,28.448674868207796,33.0,0.99292,3.58,0.5667821308750739,12.562192281707135,1
9.96501828321947,0.64,0.22,2.4,0.094,24.34006778644641,33.0,0.99612,3.37,1.0239646854578237,10.926748116788563,0
8.232682897111516,0.62,0.06,1.3,0.07,2.8863034254461635,12.0,0.9942,3.17,0.5831155266440694,10.388060088970647,0
9.860982872985561,0.52,0.25,2.0,0.078,23.16345638822697,59.0,0.99612,3.3,0.6167939611549696,12.264481877690779,0
10.518980554064768,0.57,0.14,3.9,0.07,37.72107146228048,73.0,0.99669,3.32,0.8399995143379474,10.066878007642197,0
9.955503595069818,0.685,0.1,1.6,0.092,3.6224140693129483,12.0,0.99745,3.31,0.706049479687907,10.00775627852385,1
9.377163035384733,0.675,0.1,1.6,0.09,17.73784663040182,11.0,0.99745,3.31,1.0117119394908127,7.943549286570468,0
7.0947986116385175,0.59,0.26,2.0,0.08,35.61595882534242,104.0,0.99584,3.28,0.5998077949388705,11.150458777841926,0
7.957711909802246,0.6,0.12,2.2,0.083,16.48651280857741,28.0,0.9966,3.52,0.8466916079406512,11.72604911388428,1
8.816541560254553,0.67,0.0,2.2,0.068,18.691067777883205,24.0,0.9956,3.42,0.7779467555999976,10.503209301433854,1
9.367127737488865,0.69,0.21,2.1,0.08,53.54892556499762,141.0,0.9962,3.25,0.46171947004761293,10.695437847369025,0
11.693452380911381,0.69,0.21,2.1,0.08,56.42465606066019,141.0,0.9962,3.25,0.7018268925642984,10.917080122652232,0
9.688041886872902,0.3,0.42,2.0,0.052,20.609084099345615,24.0,0.9963,3.44,1.0423800578562141,13.574889923199176,1
8.40511601365287,0.33,0.33,1.7,0.061,16.334015417503423,13.0,0.996,3.23,1.0571641295381597,10.23464426523974,1
8.40872503662925,0.5,0.39,2.6,0.082,13.223951044915314,46.0,0.9985,3.43,0.7139667611151019,10.806259538084076,1
9.464319428236617,0.28,0.3,2.0,0.062,29.37403494690399,34.0,0.9952,3.28,1.1984352035007904,11.763354567734998,1
8.329526202444692,0.24,0.34,5.1,0.062,21.027672294702107,22.0,0.9974,3.22,1.1569850642675432,12.847560407932692,1
7.643359638876858,0.51,0.0,2.1,0.064,46.60772167159794,54.0,0.995,3.54,1.0120122226791965,12.442447864023974,1
10.171784729332703,0.29,0.36,2.2,0.048,38.390963188193595,53.0,0.995,3.27,1.0645777621428738,13.234336468238014,1
7.091385720007818,0.51,0.0,2.1,0.064,37.646065744151855,54.0,0.995,3.54,1.3297983925178225,12.421928294080697,1
7.114965528800063,0.96,0.0,1.8,0.082,-1.1734152313086366,16.0,0.9936,3.5,0.37939351581260905,10.733144121038455,1
4.749027218573465,0.47,0.4,2.4,0.071,0.06799172925272501,19.0,0.9963,3.56,0.8575779264368539,12.127446244251521,1
11.186100984829977,0.24,0.34,5.1,0.062,21.216973789593354,22.0,0.9974,3.22,0.8769845092121381,10.7987478003751,1
11.854624914146575,0.57,0.25,2.0,0.104,21.60409207681343,89.0,0.9963,3.04,1.2139017910068057,12.458982641484278,0
11.988495354130187,0.32,0.59,2.2,0.077,7.319533272118877,15.0,0.9994,3.2,0.9146395820807229,9.54522919455011,0
5.418105212004609,0.58,0.0,1.6,0.065,13.594457653582413,18.0,0.9966,3.56,0.9997669844324872,9.525525269865527,0
13.314822718284173,0.32,0.59,2.2,0.077,13.129369497391561,15.0,0.9994,3.2,1.2910828414442956,10.932019454647904,0
8.044887155622442,0.34,0.33,2.5,0.064,27.991041132500712,37.0,0.9952,3.35,0.8251273750854186,13.514314912966274,1
8.790620703924038,0.53,0.01,1.6,0.077,0.15020822447367266,19.0,0.995,3.16,0.8327222410929502,10.27202076381332,0
7.60349192890851,0.64,0.21,2.2,0.077,48.008226069879804,133.0,0.9956,3.27,0.5326201543594533,11.069168656879482,0
6.703881347678307,0.53,0.01,1.6,0.077,13.91309156291446,19.0,0.995,3.16,0.5639399905665842,11.07486223339561,0
10.504918176214613,0.4,0.18,1.6,0.079,34.59319744535709,58.0,0.9965,3.34,1.0733568791753847,10.587677701406024,0
10.184949008718942,0.54,0.0,2.1,0.079,54.376955455197184,55.0,0.9956,3.39,0.9537608290395618,11.907637216902774,1
7.562316690607947,0.53,0.09,3.9,0.123,15.559439062135045,31.0,0.9968,3.5,0.6192331472104037,12.28324367376595,0
8.746577876036074,0.26,0.37,1.4,0.076,26.524782662091898,23.0,0.9974,3.26,0.8738353454840841,11.65151274443445,1
9.167700882781219,0.26,0.37,1.4,0.076,15.196229404795275,23.0,0.9974,3.26,0.8121815056736529,9.407763390093141,1
8.605906356971639,0.23,0.37,1.8,0.046,38.80403259301428,60.0,0.9971,3.41,0.8953858295540045,12.236354268131937,1
7.321619978856861,0.41,0.33,2.5,0.078,20.514087317132507,23.0,0.9957,3.3,0.6974889769305728,12.075770420541451,0
8.785801470851847,0.64,0.0,1.9,0.072,26.675301430702163,55.0,0.9962,3.31,1.0660458045040873,10.952067090031687,0
9.506129307458929,0.18,0.4,2.2,0.049,50.576459316313965,67.0,0.996,3.33,1.1411020720486045,10.615070948239095,0
10.211044922627172,0.41,0.24,1.8,0.066,29.098432993711246,47.0,0.9956,3.37,0.6098343779024796,12.184458640173878,0
9.01271742371742,0.43,0.31,2.1,0.069,21.621777332172524,74.0,0.9958,3.26,0.6924948254550247,8.852416143953082,1
5.09721292935087,0.44,0.0,1.6,0.042,10.578410920739195,11.0,0.9944,3.48,0.8771713146443075,12.209489108479524,1
7.98532576081986,0.4,0.16,1.8,0.069,18.649360076091646,25.0,0.9955,3.42,0.8420142034758192,11.599559951873147,1
11.236397247606508,0.54,0.37,15.4,0.214,70.16881274380034,95.0,1.00369,3.18,0.7821447397168435,10.079904721284223,1
13.501689272519606,0.54,0.37,15.4,0.214,68.20415332685785,95.0,1.00369,3.18,1.1913426208777087,9.522390789146135,1
13.38393602734834,0.38,0.38,1.6,0.169,35.62317642227833,90.0,0.99914,3.15,0.6918499693889433,8.416929441678205,0
10.232681863426013,0.915,0.29,4.8,0.07,10.883416551028889,39.0,0.99577,3.53,0.7688431489363738,12.245693090207926,0
7.610654105235476,0.59,0.0,1.7,0.052,15.505690155050404,8.0,0.996,3.41,0.5617399678625983,10.309894136555991,0
11.464500527938746,0.67,0.02,2.2,0.072,45.42341520952113,92.0,0.99566,3.32,0.6585182892719197,12.145917321101582,1
9.081696817020898,0.37,0.32,2.0,0.062,42.61824604681475,28.0,0.9947,3.23,0.8924079327541569,12.27267116102508,1
11.058225003449904,0.785,0.19,5.2,0.094,36.36748449632937,98.0,0.99713,3.16,0.7099416341127365,10.547961432122317,1
7.592789727253164,0.63,0.02,1.9,0.078,10.47557907108615,30.0,0.99712,3.4,0.9613584607009786,10.106640510512914,0
7.876968510136507,0.58,0.2,1.75,0.058,17.024432635674057,22.0,0.99322,3.38,0.2700180247044344,14.287448654743695,0
9.074563466345074,0.67,0.02,2.2,0.072,54.525939280671224,92.0,0.99566,3.32,0.6481536099250149,12.257917423332586,1
9.004423892026049,0.785,0.19,5.2,0.094,32.58606071307702,98.0,0.99713,3.16,0.7854553502430128,10.214925213227964,1
10.04067581827562,0.63,0.02,1.9,0.078,29.11832812462446,30.0,0.99712,3.4,0.7603593224239185,10.877833731516475,0
7.869549453018792,0.67,0.0,1.9,0.08,37.901352040627515,39.0,0.99701,3.4,0.9031259300671681,9.892279131626413,0
9.915042551834702,0.58,0.01,1.9,0.08,43.159986684495266,54.0,0.99683,3.4,0.6950104106016879,10.223196320878138,0
9.612789698001926,0.38,0.31,2.0,0.056,27.368842704182974,29.0,0.99472,3.23,0.9948147781454262,14.19172728950543,1
8.295647929594951,0.37,0.32,2.0,0.062,21.272177572827136,28.0,0.9947,3.23,0.9918909407931373,11.498315786791933,1
10.104761093112355,0.32,0.44,2.7,0.104,16.203913782349865,17.0,0.99732,3.33,1.014856653693975,11.786230189138298,1
7.333677030070514,0.58,0.02,2.0,0.062,52.300736997062586,53.0,0.99374,3.35,1.0356260528858883,12.063689143636553,1
12.26642478668801,0.49,0.33,1.9,0.074,27.61327396140971,85.0,0.99706,3.41,0.9276791756260521,8.966210713592671,0
9.381789698909087,0.45,0.63,2.2,0.073,26.146124656113475,23.0,0.99974,3.21,0.6663945757809531,12.111523364101735,1
8.83020420302645,0.9,0.0,1.6,0.052,13.82998199051349,17.0,0.99467,3.5,0.6586572661225146,11.783627838517758,1
4.935011902001789,0.54,0.06,1.8,0.05,48.54938489660665,89.0,0.99236,3.3,0.7573175033942638,12.17921588098103,1
8.678565010395106,0.49,0.33,1.9,0.074,23.64849909429262,85.0,0.99706,3.41,0.8688696955098436,10.543579355283489,0
9.67363551099789,0.29,0.4,1.7,0.067,22.39181442003764,20.0,0.99603,3.39,0.6441609138578073,12.120418079000128,0
11.392825245310451,0.2,0.35,1.7,0.054,27.47265215780682,15.0,0.99458,3.32,0.8347304795980792,11.969734411085724,1
6.828794120077346,0.42,0.09,2.3,0.054,38.06154046544148,64.0,0.99724,3.41,0.7271617926912524,11.798974981434505,1
9.414776838842856,0.785,0.0,2.1,0.06,5.077636860292463,13.0,0.99664,3.59,0.5279457442237796,11.419700687382027,0
6.550930404867713,0.64,0.03,2.3,0.075,24.694322769573787,31.0,0.99545,3.36,0.5431951282261531,10.382043076507555,1
10.168622412713066,0.63,0.01,2.4,0.076,34.54216374221879,39.0,0.99522,3.34,0.4964657365328716,11.380902865164632,1
7.532172172567123,0.59,0.1,1.7,0.063,30.23554376893619,53.0,0.9958,3.41,0.7657241884746049,9.311148900075128,0
8.295162311361509,0.59,0.1,1.7,0.063,33.11039978974125,53.0,0.9958,3.41,0.8423325274814661,11.123410170597102,0
8.224342933031563,0.48,0.32,2.1,0.062,35.56741031665818,54.0,0.99728,3.3,0.8443869200129446,11.41948837498715,1
9.879051713129451,1.04,0.08,2.3,0.067,20.503385436803683,32.0,0.99648,3.52,0.636641702483047,13.071967077718659,0
10.207964923410216,0.48,0.32,2.1,0.062,32.529814972505946,54.0,0.99728,3.3,0.7199742282790487,10.657475543435671,1
9.310620424736568,0.98,0.05,2.1,0.061,10.84426119258412,49.0,0.99705,3.31,0.7023747728998379,10.937427267550783,0
9.788466011804774,0.69,0.11,1.4,0.084,21.297428083065643,24.0,0.99578,2.88,0.4027376564678997,11.39461188677026,0
7.096939501055562,0.7,0.08,3.75,0.067,19.2025812789752,16.0,0.99334,3.43,0.785711077023874,12.809815855709823,0
7.560196413325122,0.35,0.6,2.6,0.073,17.151942137462356,44.0,0.99656,3.38,1.0999110046763279,11.180167920369064,1
4.361490412247113,0.6,0.08,1.8,0.071,34.562122683754595,45.0,0.99336,3.38,0.5907733561644444,11.236249806130633,0
13.049738096997299,0.5,0.5,13.8,0.205,70.43571717177875,82.0,1.00242,3.16,0.8315754157275317,9.354747779915908,0
6.236259186733431,0.47,0.11,2.2,0.048,18.084453639686767,89.0,0.99182,3.54,1.1842056636088594,13.677023488106094,1
10.821396578551944,0.5,0.5,13.8,0.205,66.12995067547166,82.0,1.00242,3.16,0.8689191008541236,9.072957784080133,0
8.776763526630047,0.47,0.11,2.2,0.048,19.573207988998405,89.0,0.99182,3.54,1.0953749507128063,15.203544255874993,1
7.829883452033634,0.875,0.05,5.7,0.082,12.883731277153254,14.0,0.99808,3.4,0.6430884568696521,10.970395280034984,0
8.422204373209265,0.28,0.6,3.0,0.104,11.374363078454166,22.0,0.99828,3.39,1.0266495554601387,11.714004876849259,0
6.679834036586985,0.62,0.03,1.5,0.08,32.89726038069236,13.0,0.99498,3.66,0.822063117706932,10.483029243176247,0
8.015208321798115,0.28,0.6,3.0,0.104,15.891016244936916,22.0,0.99828,3.39,0.889870764274578,10.927061540317055,0
9.072522304128789,0.58,0.54,2.1,0.114,12.426266877777756,9.0,0.99719,3.33,0.7823999123943759,11.395980188908954,0
8.972411719550404,0.33,0.44,1.5,0.042,8.611379129229825,12.0,0.99542,3.35,0.670329061452975,11.660006494474269,0
7.486310346281092,0.91,0.06,2.0,0.06,27.943848229806044,11.0,0.99592,3.53,0.7127877701299533,12.415794211223554,0
7.56564295359903,0.655,0.16,2.1,0.074,32.155553847557584,25.0,0.99606,3.37,0.789919587611827,11.662186435663848,0
8.044923573034676,0.68,0.21,2.1,0.07,31.01594576997067,23.0,0.99546,3.38,0.7527478691910737,10.563081608045106,0
7.509155998722771,0.64,0.05,1.9,0.066,25.371738516628277,17.0,0.99496,3.52,0.7559149556190967,12.18672322058439,0
6.268615684946589,0.54,0.04,1.7,0.049,8.139808188626589,13.0,0.9942,3.72,0.9696090024521018,11.331962523406336,0
7.09316021417824,0.57,0.1,2.1,0.048,19.29567913683893,11.0,0.99448,3.44,1.0282375901101601,13.420501036829638,1
8.379325779607331,0.22,0.49,1.8,0.039,16.30919055004015,18.0,0.99344,3.39,0.7007079232785268,12.582183074354134,1
6.738791019184068,0.54,0.04,1.7,0.049,24.350525729415438,13.0,0.9942,3.72,0.6785173234002145,12.841320152855975,0
7.636162055708832,0.65,0.06,1.6,0.05,23.70613408875552,18.0,0.99348,3.57,0.7025471392940075,11.875624639336339,0
8.150357819206455,0.54,0.26,1.9,0.089,25.934989686433042,147.0,0.99636,3.26,0.7957841987803678,10.422871403989046,0
9.192151466740015,0.31,0.09,1.4,0.066,31.299650918018347,28.0,0.99459,3.42,0.559919332305767,12.170324225302007,1
8.527746801045136,0.43,0.02,1.9,0.08,29.075475500869636,28.0,0.99492,3.35,1.232051998946469,10.755413420427058,1
8.391080473506966,0.54,0.26,1.9,0.089,8.158603246480162,147.0,0.99636,3.26,0.6184928608940838,12.431677860256144,0
8.7725619288214,0.74,0.03,2.3,0.054,22.070463954564662,16.0,0.99508,3.45,0.7653471691983827,12.348036439226718,1
7.889290739632092,0.895,0.04,2.3,0.068,11.75480419338431,13.0,0.99582,3.53,0.7203337276621803,12.484362242222053,1
5.8778701088507335,0.74,0.03,2.3,0.054,7.953611052467965,16.0,0.99508,3.45,1.0363896230831262,12.696058040889207,1
9.367782233382641,0.725,0.04,1.5,0.076,9.311614945952458,15.0,0.99508,3.26,0.653655498776949,10.84217629068708,0
7.77283025827859,0.82,0.29,4.3,0.083,28.23639604195767,64.0,0.99642,3.16,0.8810160424902811,9.036723540368083,0
9.994420072854359,0.585,0.18,2.4,0.078,27.385324425901903,60.0,0.99638,3.31,0.7307600995638337,10.249410951507755,0
7.2561495295532925,0.44,0.39,2.5,0.077,2.9417679050925667,14.0,0.99555,3.51,0.6951686255073043,12.872144741255044,1
9.979419072636842,0.38,0.57,2.3,0.106,14.956796109576665,12.0,0.99605,3.36,0.703872668509158,11.9589885115027,1
7.2150600924316635,0.76,0.02,1.8,0.078,19.194509500634535,12.0,0.996,3.55,0.7495351392937042,10.920893145376098,0
8.290279926140505,0.81,0.05,2.0,0.07,29.947950171434947,14.0,0.99562,3.51,0.6485995728249666,10.333303987368875,1
10.578597456718553,0.38,0.57,2.3,0.106,4.358247033491095,12.0,0.99605,3.36,0.7341147886191671,11.79423141045937,1
8.118170079719535,0.27,0.6,2.1,0.074,22.44252689404437,25.0,0.99814,3.38,0.8586028399662358,12.409963323579131,1
8.46994147426552,0.18,0.4,1.8,0.062,17.557754189921546,20.0,0.9941,3.28,0.911059473808612,10.859048781375611,0
8.70526809520582,0.36,0.21,2.2,0.047,43.969790937790535,48.0,0.99661,3.47,0.9318253002041381,11.163868372157243,1
9.378275507044771,0.69,0.04,2.1,0.068,24.82234193503025,27.0,0.99712,3.44,0.7173123952919076,10.80409598471887,0
7.028536977890713,0.79,0.04,2.2,0.061,29.39850709707537,17.0,0.99588,3.53,0.8897959631517216,11.051373975706758,1
5.027373956553818,0.56,0.15,1.8,0.078,9.156034425657417,65.0,0.99294,3.33,0.6509336904344534,11.11388885738509,1
7.443190046425611,0.84,0.21,4.1,0.074,13.879950505541924,65.0,0.99842,3.53,0.4352729532388964,9.667247854038425,1
9.23635558990773,0.84,0.21,4.1,0.074,27.285625230545655,65.0,0.99842,3.53,0.8730516417705543,9.759840118466084,1
6.413349715599173,0.32,0.25,2.3,0.071,19.562169010366024,58.0,0.99633,3.42,1.0304700924931536,12.245169279174522,0
7.877641992296413,0.53,0.06,2.0,0.063,27.540008722731802,44.0,0.99489,3.38,1.017424613759703,10.784201996055234,1
7.877081370728062,0.47,0.46,2.2,0.114,10.951622499810593,20.0,0.99647,3.32,1.0366637521098325,12.89356639157506,0
5.301605748357082,0.7,0.08,2.6,0.106,28.82362393430482,27.0,0.99665,3.44,0.9905784082964909,11.30789572804012,0
6.952014822255132,0.53,0.06,2.0,0.063,21.502453696396074,44.0,0.99489,3.38,0.9432139934265545,10.661251140343298,1
9.230467200771528,0.48,0.2,1.9,0.082,18.7932036557839,23.0,0.99585,3.39,0.45352551146143083,10.73236169814826,0
4.191406761641656,0.32,0.25,2.3,0.071,40.01209760094585,58.0,0.99633,3.42,1.1848919013798798,11.984426610264167,0
8.54411517087419,0.48,0.25,2.0,0.076,35.73679959130444,61.0,0.9953,3.34,0.6854009261967067,9.842292299872843,0
5.740828437034905,0.42,0.19,2.0,0.075,27.281707898448637,47.0,0.99522,3.39,0.9687326676539659,9.970611993859299,1
8.940362052066565,0.48,0.08,2.1,0.064,29.730198121067346,34.0,0.99552,3.33,0.6859891742843345,10.454134326855137,0
9.187835509876965,0.47,0.08,2.2,0.064,24.760516162166457,38.0,0.99553,3.3,0.8196008750690192,9.10245435502358,1
8.25337472139521,0.53,0.07,1.7,0.071,35.00400235845922,24.0,0.9951,3.29,0.6854973548236823,13.434782021808925,1
9.056550169256164,0.29,0.49,2.2,0.096,20.067681923675593,59.0,0.99714,3.31,0.966196959368699,11.653515010398692,1
7.36971295605453,0.69,0.08,2.1,0.063,49.935960800167784,52.0,0.99608,3.42,0.6556013145640693,11.041167359189526,1
6.118644811576955,0.44,0.09,2.2,0.063,19.0893349907597,18.0,0.99444,3.42,0.9152547788975258,11.860365054060075,1
9.858111700147292,0.705,0.1,2.8,0.081,18.2011745453082,28.0,0.99631,3.6,0.6240960780263547,10.541300372307894,0
7.387938913090059,0.53,0.13,2.0,0.058,2.340871688465125,22.0,0.99573,3.21,0.9215371204471567,9.078129745113612,1
11.576624311782975,0.39,0.3,1.9,0.074,39.02165309952189,84.0,0.99717,3.39,0.6145585079075662,8.375200246280906,0
6.795699170720799,0.56,0.14,2.4,0.064,28.900919642819584,29.0,0.99397,3.42,0.7910226170234785,14.173304251469837,1
9.124402698448609,0.55,0.13,2.2,0.075,29.879440957071008,35.0,0.9959,3.36,0.8643573488767902,11.894081363347453,1
5.908051569372336,0.53,0.08,1.9,0.077,35.33695646625668,45.0,0.99528,3.6,0.78848678598886,10.661663915260776,1
7.5219019639857425,0.58,0.08,1.9,0.059,19.18107549618508,31.0,0.99484,3.5,0.636044804044386,11.826634277548662,1
7.139373895487575,0.64,0.09,2.5,0.081,26.67612479902126,26.0,0.99538,3.57,0.832976133677848,13.284275027628611,0
8.157580465135906,0.39,0.32,1.8,0.065,37.569525875241744,60.0,0.99714,3.46,0.8015638102051481,11.284760815188655,0
8.44256433040959,0.52,0.08,4.4,0.071,22.326114921741816,32.0,0.99646,3.56,0.7107876232460748,11.2375214718794,1
8.139420811765662,0.25,0.29,2.2,0.054,28.38489476935215,49.0,0.99666,3.4,0.9316038025561508,10.211000790075866,1
6.1036417847749025,0.855,0.02,1.9,0.064,29.19769469659608,38.0,0.99472,3.3,0.8801208517370964,12.610736042227018,1
13.553282105240019,0.44,0.42,2.2,0.064,14.899943041210577,19.0,0.99758,3.25,0.7092063667125164,9.565114836396388,1
8.196778415975288,0.37,0.43,2.3,0.063,23.338998056692724,19.0,0.9955,3.17,0.9487051896359264,11.92619402316551,1
8.61232212819377,0.63,0.33,1.8,0.059,22.5178234280092,28.0,0.99531,3.36,0.8756164500775052,10.639055306421778,1
9.74814161660636,0.57,0.02,2.0,0.072,18.336545045055896,26.0,0.99575,3.36,0.7524362941210998,10.660239695386354,0
7.169860236096312,0.6,0.1,1.6,0.048,12.645766663030209,26.0,0.99306,3.55,0.7317870273616669,13.220614103398242,0
14.239749201362967,0.4,0.5,2.0,0.099,24.82563088608281,50.0,0.99783,3.1,0.8618607546958806,10.674863436581834,0
9.46394252641511,0.36,0.3,1.8,0.074,38.49022341413877,24.0,0.99419,3.24,0.7911625961189691,12.589912028147026,1
7.523627649269214,0.68,0.0,2.3,0.087,20.965838539603215,26.0,0.99783,3.45,0.22149585512795905,10.472873865028822,0
10.444895355272422,0.67,0.0,2.3,0.083,26.250808319192878,27.0,0.99768,3.44,0.5646901027452164,12.041774891626561,0
6.1026685702296835,0.68,0.01,3.7,0.103,41.2186977393012,54.0,0.99586,3.51,0.9595096132253622,10.97142536431992,1
8.168179669268381,0.735,0.0,2.2,0.08,16.90355470224523,28.0,0.99765,3.41,0.7310268907830986,10.277486871318706,0
7.705505898536674,0.855,0.02,2.4,0.062,8.616521981868454,23.0,0.99627,3.54,0.6896176253420369,12.220270457100684,1
9.235879260491357,0.56,0.17,1.7,0.065,14.777066986298554,24.0,0.99514,3.44,0.9738281436952422,11.18394215241104,1
9.54653850025202,0.88,0.04,2.2,0.066,22.435700100282112,20.0,0.99636,3.53,0.6818653592662076,9.612631987900974,0
9.459286257285546,0.855,0.02,2.4,0.062,24.098922835155562,23.0,0.99627,3.54,0.4518463969532483,12.924257009793482,1
8.604530954820623,0.63,0.33,6.7,0.235,80.2459519518043,115.0,0.99787,3.22,0.49147821908625466,10.639782059754703,0
8.802496649808987,0.6,0.26,2.0,0.08,40.17774084631575,131.0,0.99622,3.21,0.7123765928881289,9.672461460266,0
6.649505502456509,0.6,0.26,2.0,0.08,38.451403348088334,131.0,0.99622,3.21,0.6465347984947596,11.126513446992623,0
7.3624334475623545,0.6,0.26,2.0,0.08,34.31367500992082,131.0,0.99622,3.21,0.852865124526109,12.203177104859359,0
11.053610948746478,0.695,0.13,2.0,0.076,27.770626278666384,20.0,0.99546,3.29,0.576170255816359,10.921573495121216,0
6.0354545126957,0.695,0.13,2.0,0.076,12.67631074820764,20.0,0.99546,3.29,0.6336355521936075,10.950647689378618,0
7.500178038058585,0.695,0.13,2.0,0.076,11.076162975753919,20.0,0.99546,3.29,0.5556620281900285,12.289311769283103,0
9.687172881208749,0.67,0.02,1.9,0.061,39.11331735382876,42.0,0.99489,3.39,0.8850101063514395,10.925248664440872,1
8.384981896978115,0.16,0.64,2.1,0.059,21.212097787938486,52.0,0.99494,3.34,0.5890528508910899,13.525331031698002,1
9.88552973944981,0.695,0.13,2.0,0.076,40.57539989205008,20.0,0.99546,3.29,0.6233045896901425,11.781973895647418,0
9.148970209520318,0.56,0.13,1.6,0.077,34.037520229603274,42.0,0.99629,3.34,0.7185718761261624,9.264605914724246,0
9.639824850489193,0.51,0.14,1.9,0.056,26.27944764585993,34.0,0.99396,3.48,0.6871183602070213,11.78281197820795,1
8.204370943232218,0.36,0.53,2.2,0.23,20.60316696623125,35.0,0.9934,3.37,1.3570970086348173,12.805113246763769,1
8.716978173298859,0.38,0.14,2.2,0.038,20.72994976958443,25.0,0.99514,3.44,1.034236329913944,10.389358111812683,1
7.684090678195333,0.69,0.32,2.2,0.069,39.796968431389494,104.0,0.99632,3.33,0.5437794226333479,10.574595104655458,0
8.209566802482916,0.58,0.2,2.4,0.075,18.833982357648654,50.0,0.99467,3.58,0.5284363552049245,12.603201803459392,1
6.4411221019234866,0.31,0.78,13.9,0.074,36.66482899719057,92.0,0.99677,3.39,0.6021534619123271,11.605354169160595,1
8.261756287731538,0.52,0.4,2.2,0.06,16.606016832086485,20.0,0.99474,3.26,0.8266624607171735,11.551960967976886,1
10.639116908177678,0.3,0.63,1.6,0.081,32.88270363440367,29.0,0.99588,3.3,0.7989191386604728,12.439434292817515,1
8.848727566818013,0.7,0.15,5.1,0.076,43.65396991303188,27.0,0.99622,3.54,0.6256327594897487,13.381385298494003,1
10.544669391095098,0.67,0.15,1.8,0.118,18.89499936545967,20.0,0.9954,3.42,1.0202088739788773,11.550748159885618,1
9.853883098983964,0.56,0.09,1.7,0.053,33.64272092060672,32.0,0.99402,3.54,0.7006801525412657,12.459147224192865,0
10.070584294505739,0.35,0.33,2.4,0.068,20.543679083989794,26.0,0.9947,3.36,0.8254104066403072,12.823226667017815,1
5.19650784048448,0.56,0.09,1.7,0.053,47.52702532888293,32.0,0.99402,3.54,0.6094509365210667,13.416244872663684,0
10.038611958602734,0.715,0.1,2.6,0.053,20.676518532082543,27.0,0.99362,3.57,0.6278841395321559,11.872310573458059,0
8.871493159748123,0.46,0.29,2.1,0.074,33.43080788764409,98.0,0.99578,3.33,0.7099962249161708,10.522694850708234,0
7.026128108061991,0.32,0.44,2.4,0.061,21.771229202989314,34.0,0.99484,3.29,0.8440212014276597,11.906329439990262,1
9.6081578921021,0.39,0.44,2.6,0.066,29.88290862235149,48.0,0.99494,3.3,1.1322707702930905,12.390743105259112,1
7.448093404493995,0.31,0.41,2.4,0.065,38.61602359707876,60.0,0.99492,3.34,0.797266106132059,12.707167978071068,1
8.054552754026929,0.61,0.11,1.8,0.066,43.188135717330745,28.0,0.99483,3.55,0.8362949646303403,11.196846071540236,1
6.759474716761433,0.66,0.33,2.5,0.068,57.178556564046566,102.0,0.99414,3.27,0.8674491043047008,13.342121108291169,1
6.867128177877007,0.725,0.2,7.8,0.073,28.712363859538325,79.0,0.9977,3.29,0.7318580996800343,10.876116754463288,0
8.681721048888267,0.55,0.15,1.8,0.077,28.420395775045684,35.0,0.99314,3.32,0.9092858850913714,13.609699577683504,1
8.287276380896511,0.74,0.09,1.7,0.089,24.985443102389084,26.0,0.99402,3.67,0.813201804989991,12.873273297347968,1
8.146170588696755,0.51,0.13,2.3,0.076,49.06029173771206,40.0,0.99574,3.42,0.7581766643579273,11.73491582402048,1
7.794279326741318,0.62,0.08,1.9,0.068,36.84521866047368,38.0,0.99651,3.42,1.112576259860707,10.15381099973573,1
4.647128318833002,0.6,0.08,2.0,0.09,34.95193463937197,44.0,0.9949,3.45,0.711699777449434,11.819830432903277,0
7.001736360890969,0.55,0.1,2.2,0.062,46.875395196448586,51.0,0.99512,3.52,0.7154532228151471,12.246713193167324,1
8.435956176930361,0.51,0.13,2.3,0.076,32.10888531224606,40.0,0.99574,3.42,0.9778465975925658,10.446725990525591,1
6.851662206777449,0.645,0.12,2.0,0.075,45.40973052102371,44.0,0.99547,3.57,0.8186404481393319,11.540511974596892,0
7.36142875841384,0.31,0.47,3.6,0.067,20.434842439128083,42.0,0.99549,3.39,0.5640132248806069,11.118869004274025,1
